UIN,Grid Number,Batch Number,Description/Shape,Size,Glaze Type,Kiln,Material,Condition,Weight,Decoration Exterior,Decoration Interior,Qty,Remarks,Image,Box Label,Highlight
1,E16,B086,Bottle,Medium,B&W,Jingdezhen,Porcelain,Intact,685,Lotus plantain leaves lotus panels,,1,Long flanged neck.,1-a.jpg1-IMG_1360.jpg1-b.jpg,,✓
2,E16,B084,Vase,Medium,B&W,Jingdezhen,Porcelain,Neck and shoulder,245,Ducks in lotus pond lotus panels plantain leaves,,1,,2-E16-B084-Blue-and-white-Bottle-DSC_2335.jpg2-E16-B084-Blue-and-white-Bottle-DSC_2334.jpg2-IMG_1361.jpg,,✓
3,SURVEY,SURVEY,Bowl,Medium,B&W,Jingdezhen,Porcelain,Parts of rim broken,601,Lotus lotus panels,Lotus bouquets,1,PB087,3-Surface-Find-PB0087-GOT-DSC_0004.jpg3-a.jpg3-Surface-Find-PB0087-GOT-DSC_0007.jpg3-IMG_1362.jpg,,✓
4,SURVEY,SURVEY,Bowl,Medium,B&W,Jingdezhen,Porcelain,Chipped rim,605,Lotus petals fungus scrolls,Lotus scroll lotus band,1,PB036,4-Surface-Find-PB0036-GOT-DSC_9989.jpg4-Surface-Find-PB0036-GOT-DSC_9984.jpg4-IMG_1363.jpg4-a.jpg,,✓
5,SURVEY,SURVEY,Cover,Large,B&W,Jingdezhen,Porcelain,Knob missing,,Lotus panels scrolls,,1,PB035,5-a.jpg5-Surface-Find-PB0035-GOT-DSC_9742.jpg5-IMG_1364.jpg5-Surface-Find-PB0035-GOT-DSC_9741.jpg,,✓
6,SURVEY,SURVEY,Bowl,Medium,B&W,Jingdezhen,Porcelain,Base,465,Lotus panels,Ducks in lotus pond,1,PB041,6-a.jpg6-IMG_1365.jpg6-Surface-Find-PB0041-GOT-DSC_0002.jpg6-Surface-Find-PB0041-GOT-DSC_9998.jpg,,✓
7,E16,B082,Bowl,Large,B&W,Jingdezhen,Porcelain,Base,1662,Lotus panels,Peony,1,,7-E16-B082-Blue-and-white-Large-Bowl-DSC_2278.jpg7-IMG_1366.jpg7-a.jpg,,✓
8,E16,B090,Dish,Small,B&W,Jingdezhen,Porcelain,Half,75,,Ducks in lotus pond,1,,8-IMG_1367.jpg8-E16-B090-Blue-and-white-DSC_9879.jpg8-a.jpg8-b.jpg,,✓
9,SURVEY,SURVEY,Bowl,Medium,B&W,Jingdezhen,Porcelain,Base to rim,251,,Mandarin ducks in lotus pond,1,PB084,9-Surface-Find-PB0084-GOT-DSC_0096.jpg9-Surface-Find-PB0084-GOT-DSC_0091.jpg9-a.jpg9-IMG_1368.jpg,,✓
21,E17,B095,Guan,Large,B&W,Jingdezhen,Porcelain,Lower body shard,1025,Peony lotus panels with lotus buds,,1,,21-b.jpg21-IMG_1397.jpg21-a.jpg,,
25,E16,B080,Vase,,B&W,Jingdezhen,Porcelain,Shard,33,Waves,,1,,25-P1190807.jpg25-P1190808.jpg25-IMG_1400.jpg,,
26,I12-I13,B078,Stem bowl,Medium,B&W,Jingdezhen,Porcelain,Cavetto and base,235,Lotus panels,Double vajra,1,,26-c.jpg26-b.jpg26-IMG_1401.jpg26-a.jpg,,
29,E17,B091,Dish,Medium,B&W,Jingdezhen,Porcelain,Base,285,Lotus panels,Ducks in lotus pond,1,Half intact,29-IMG_3513.jpg29-IMG_3514.jpg,,
30,E17,B091,Bowl,,B&W,Jingdezhen,Porcelain,Shard,38,Lotus panels,Lotus pond,1,,30-IMG_3549.jpg30-IMG_3548.jpg,,
31,E17,B091,Guan?,,B&W,Jingdezhen,Porcelain,Shards,183,Peony,,1,Eroded,31-b.jpg31-a.jpg,,
32,D12,B033,Bowl,Medium,B&W,Jingdezhen,Porcelain,Base,389,,Ducks in lotus pond,1,,32-IMG_4434.jpg32-IMG_4433.jpg,,
33,Eastern B&W area,B031,Bowl,Medium,B&W,Jingdezhen,Porcelain,Base,204,Lotus panels,Ducks in lotus pond,1,,33-b.jpg33-a.jpg,,
34,E17,B095,Bowl,Medium,B&W,Jingdezhen,Porcelain,Base,305,Lotus panels,Ducks in lotus pond,1,,34-IMG_3502.jpg34-IMG_3501.jpg,,
35,E17,B095,Bowl,Medium,B&W,Jingdezhen,Porcelain,Rim shard,49,Lotus panels lotus scroll,Chrysanthemum scroll,1,,35-IMG_3529.jpg35-IMG_3528.jpg,,
36,E16,B087,Bowl,Medium,B&W,Jingdezhen,Porcelain,Base,426,Lotus panels,Ducks in lotus pond,1,,36-IMG_3692.jpg36-IMG_3691.jpg,,
38,E16,B086,Vase,,B&W,Jingdezhen,Porcelain,Shard,11,Panels,,1,Faceted,38-IMG_3671.jpg38-IMG_3670.jpg,,
39,E17,B094,Bowl,Medium,B&W,Jingdezhen,Porcelain,Base,112,Lotus panels,Lotus,1,Speckled,39-IMG_3540.jpg39-IMG_3541.jpg,,
40,E16,B087,Bowl,,B&W,Jingdezhen,Porcelain,Shard,15,Lotus,,1,2 of 1,40-IMG_3842.jpg40-IMG_3841.jpg,,
41,D12,B026,Bowls,,B&W,Jingdezhen,Porcelain,Shards,52,,,4,Plantain leave is vase,41-b.jpg41-a.jpg,,
42,E16,B090,Guan,Large,B&W,Jingdezhen,Porcelain,Base shard,827,Peony?,,1,Diffused cobalt,42-IMG_4191.jpg42-IMG_4190.jpg,,✓
43,E16,B090,Vases,,B&W,Jingdezhen,Porcelain,Shards,54,Chrysanthemum in panels,,2,Faceted,43-IMG_3802.jpg43-IMG_3803.jpg,,
44,D12,B029,Bowl,Medium,B&W,Jingdezhen,Porcelain,Base,172,Lotus panels,Lotus bouquets,1,,44-IMG_4315.jpg44-IMG_4316.jpg,,
46,E16,B088,Bowl,Large,B&W,Jingdezhen,Porcelain,Shard,296,Lotus panels,Peony,1,,46-IMG_3760.jpg46-IMG_3761.jpg,,
47,E16,B088,Vase,,B&W,Jingdezhen,Porcelain,Shard,23,Waves lotus panels,,1,,47-IMG_3706.jpg47-IMG_3705.jpg,,
48,E16,B083,Bowl,Medium,B&W,Jingdezhen,Porcelain,Base,244,Lotus panels,Peony?,1,,48-IMG_3746.jpg48-IMG_3751.jpg,,
49,D12,B033,Bowls,Medium,B&W,Jingdezhen,Porcelain,Bases,317,Lotus panels,Ducks in lotus pond,2,,49-IMG_4337.jpg49-IMG_4338.jpg,,
50,D12,B026,Bowl,Medium,B&W,Jingdezhen,Porcelain,Shard,184,Lotus panels,Ducks in lotus pond,1,,50-a.jpg50-b.jpg,,
51,E15,B047,Bowl,Medium,B&W,Jingdezhen,Porcelain,Base,170,Lotus panels,Lotus bouquets,1,,51-IMG_3998.jpg51-IMG_3999.jpg,,
53,E16,B090,Guan,Large,B&W,Jingdezhen,Porcelain,Shards,272,Peony,,1,,53-IMG_3655.jpg53-IMG_3654.jpg,,
54,E17,B095,Dish,Medium,B&W,Jingdezhen,Porcelain,Base shard,117,Lotus panels,Fungus scroll?,1,,54-IMG_3524.jpg54-IMG_3525.jpg,,
60,E11,B042,Bowl,Medium,B&W,Jingdezhen,Porcelain,Base,117,,Morning glory?,1,,60-IMG_4557.jpg060-IMG_4556.jpg,,
62,E17,B091,Bowl,Medium,B&W,Jingdezhen,Porcelain,Base,158,,Ducks in lotus pond,1,,62-IMG_3510.jpg62-IMG_3509.jpg,,
69,E18,B101,Bowl,Medium,B&W,Jingdezhen,Porcelain,Base,234,Lotus panels,Ducks in lotus pond,1,,69-IMG_1244.jpg69-IMG_1245.jpg,,
70,E13,B103,Bowl,Medium,B&W,Jingdezhen,Porcelain,Base,165,Lotus panels,Ducks in lotus pond,1,,70-IMG_1246.jpg70-IMG_1247.jpg,,
71,E17,B095,Vase,,B&W,Jingdezhen,Porcelain,Shard,16,Waves reverse decoration,,1,,71-IMG_3536.jpg71-IMG_3537.jpg,,
72,E17,B095,Guan?,,B&W,Jingdezhen,Porcelain,Shard,104,Lotus panels,,1,Faceted,72-IMG_3521.jpg72-IMG_3520.jpg,,
73,E20,B111,Dish,Medium,B&W,Jingdezhen,Porcelain,3/4 intact,274,Lotus scroll,Lotus bouquet,1,,73-IMG_1268.jpg73-IMG_1269.jpg,,
74,E20,B111,Vase,Medium,B&W,Jingdezhen,Porcelain,Shards,154,Ducks in lotus pond,,2,,74-IMG_1271.jpg74-IMG_1270.jpg,,
75,E20,B111,Bowls,Small & medium,B&W,Jingdezhen,Porcelain,Bases,135,Lotus panels,Lotus bouquet,2,,75-IMG_4377.jpg75-IMG_4378.jpg,,
76,E11,B043,Guan,Large,B&W,Jingdezhen,Porcelain,Handle only,110,Monster head,,1,,76-IMG_1275.jpg76-IMG_1274.jpg,,✓
77,D11,B037,Bowl,Medium,B&W,Jingdezhen,Porcelain,Base,202,,Lotus bouquet,1,,77-IMG_4428.jpg77-IMG_4429.jpg,,
78,D13,B013,Bowls,,B&W,Jingdezhen,Porcelain,Shards,113,,,7,,78-IMG_1279.jpg78-IMG_1278.jpg,,
79,E23,B144,Stem Bowl,Medium,B&W,Jingdezhen,Porcelain,Stem and base,283,Lotus panels,Ducks in lotus pond,1,,79-IMG_1280.jpg79-IMG_1281.jpg79-IMG_1282.jpg,,
80,E23,B144,Flask,Large,B&W,Jingdezhen,Porcelain,Base,400,Lotus waves,,1,Diffused cobalt,80-IMG_1285.jpg80-IMG_1286.jpg80-IMG_1283.jpg80-IMG_1284.jpg80-IMG_1287.jpg,,
81,E23,B144,Bowl,Small,B&W,Jingdezhen,Porcelain,Base,100,,Lotus bouquet,1,Shufu shape,81-IMG_4256.jpg81-IMG_4255.jpg81-IMG_4254.jpg,,
82,E23,B144,Vases,,B&W,Jingdezhen,Porcelain,Shards,16,,,3,,82-IMG_1292.jpg82-IMG_1291.jpg,,
83,E11,B043,Bowls,Medium,B&W,Jingdezhen,Porcelain,Bases,504,Lotus panels,Ducks in lotus pond,2,,83-IMG_1295.jpg83-IMG_1294.jpg,,
84,E11,B043,Vase,,B&W,Jingdezhen,Porcelain,Shoulder Shard,58,Lotus scroll,,1,,84-IMG_4291.jpg84-IMG_4292.jpg,,
85,E11,B043,Bowl,Small,B&W,Jingdezhen,Porcelain,Base,64,,Lotus bouquet,1,Shufu shape?,85-IMG_4301.jpg85-IMG_4302.jpg,,
86,E11,B043,Bowls,,B&W,Jingdezhen,Porcelain,Shards,84,,,15,,86-IMG_1301.jpg86-IMG_1300.jpg,,
87,E11,,Bowls,Medium,B&W,Jingdezhen,Porcelain,Bases,524,Lotus panels,Ducks in lotus pond,2,,87-IMG_1303.jpg87-IMG_1302.jpg,,
88,E11,B3?,Bowl,Medium,B&W,Jingdezhen,Porcelain,Base,290,Lotus panels,Peony?,1,,88-IMG_3752.jpg88-IMG_3651.jpg,,✓
89,E16,B3?,Vase,,B&W,Jingdezhen,Porcelain,Shard,25,Chrysanthemum in panels,,1,Faceted,89-IMG_3830.jpg89-IMG_3829.jpg,,
90,E16,B3?,Bowl,,B&W,Jingdezhen,Porcelain,Shards,30,Lotus panels,Lotus pond,1,,90-IMG_3834.jpg90-IMG_3833.jpg,,
94,E16,Unknown,Bowl,Small,B&W,Jingdezhen,Porcelain,Base,94,,Lotus bouquet,1,Shufu shape,94-IMG_3756.jpg94-IMG_3757.jpg,,
95,E16,Unknown,Vase,Medium,B&W,Jingdezhen,Porcelain,Shard,53,Morning glory,,1,,95-IMG_3659.jpg95-IMG_3658.jpg,,
96,E16,Unknown,Cover,Small,B&W,Jingdezhen,Porcelain,Rim shard,7,Frett work,,1,,96-IMG_1320.jpg96-IMG_1321.jpg,,
99,E18,B101,Bowl,Medium,B&W,Jingdezhen,Porcelain,Base,114,Lotus panels,Dragon,1,,99-IMG_1328.jpg99-IMG_1329.jpg,,✓
114,SURVEY,SURVEY,Bowl,Medium,B&W,Jingdezhen,Porcelain,Base,177,Lotus panels,Lotus scrolls,1,PB0015,114-Surface-Find-PB0015-DSC_0127.jpg114-Surface-Find-PB0015-DSC_0132.jpg,,
116,SURVEY,SURVEY,Bowl,Medium,B&W,Jingdezhen,Porcelain,Base,233,Lotus panels,Ducks in lotus pond,1,PB0018,116-Surface-Find-PB0018-DSC_9832.jpg116-Surface-Find-PB0018-DSC_9830.jpg,,
117,SURVEY,SURVEY,Vase,,B&W,Jingdezhen,Porcelain,Base shard,37,Lotus panels,,1,PB0019,117-Surface-Find-PB0019-DSC_9844.jpg117-Surface-Find-PB0019-DSC_9846.jpg,,
118,SURVEY,SURVEY,Dish?,,B&W,Jingdezhen,Porcelain,Base shard?,59,Lotus panels,,1,PB0020,118-Surface-Find-PB0020-DSC_9875.jpg118-Surface-Find-PB0020-DSC_9873.jpg,,
119,SURVEY,SURVEY,Bowl,Small,B&W,Jingdezhen,Porcelain,Shard,5,,,1,PB0021,119-Surface-Find-PB0021-DSC_9837.jpg119-Surface-Find-PB0021-DSC_9835.jpg,,
120,SURVEY,SURVEY,Bowl,Small,B&W,Jingdezhen,Porcelain,Shard,4,,,2,PB0022 a&b,120-Surface-Find-PB00022a-DSC_9824.jpg120-Surface-Find-PB00022b-DSC_9826.jpg120-Surface-Find-PB00022b-DSC_9828.jpg120-Surface-Find-PB00022a-DSC_9822.jpg,,
125,SURVEY,SURVEY,Stem bowl,,B&W,Jingdezhen,Porcelain,Base with stem,337,Lotus panels,Ducks in lotus pond,1,PB0027,125-Surface-Find-PB0027-DSC_9728.jpg125-Surface-Find-PB0027-DSC_9730.jpg,,✓
129,SURVEY,SURVEY,Bowl,Medium,B&W,Jingdezhen,Porcelain,Shard,33,Lotus panels,Lotus pond,1,PB0031,129-Surface-Find-PB0031-DSC_0061.jpg129-Surface-Find-PB0031-DSC_0055.jpg,,
131,SURVEY,SURVEY,Bowl,Medium,B&W,Jingdezhen,Porcelain,Base,124,,Ducks in lotus pond,1,PB0033,131-Surface-Find-PB0033-DSC_9856.jpg131-Surface-Find-PB0033-DSC_9854.jpg,,
133,SURVEY,SURVEY,Bowl,Medium,B&W,Jingdezhen,Porcelain,Base,52,Lotus panels,Ducks in lotus pond,1,PB0037,133-Surface-Find-PB0037-DSC_9842.jpg133-Surface-Find-PB0037-DSC_9839.jpg,,
137,SURVEY,SURVEY,Bowl,Small,B&W,Jingdezhen,Porcelain,Rim shard,1,,,1,PB0042,137-Surface-Find-PB0042-DSC_9860.jpg137-Surface-Find-PB0042-DSC_9858.jpg,,
138,SURVEY,SURVEY,Bowl,Medium,B&W,Jingdezhen,Porcelain,Base,119,Lotus panels,Ducks in lotus pond,1,PB0043,138-Surface-Find-PB0043-DSC_9892.jpg138-Surface-Find-PB0043-DSC_9890.jpg,,
170,SURVEY,SURVEY,Bowl,Medium,B&W,Jingdezhen,Porcelain,Base,273,Lotus panels,Herons in lotus pond under willow,1,PB0077,170-Surface-Find-PB0077-DSC_0083.jpg170-Surface-Find-PB0077-DSC_0087.jpg,,✓
171,SURVEY,SURVEY,Bowl,Small,B&W,Jingdezhen,Porcelain,Base,84,,Lotus bouquet,1,PB0078,171-Surface-Find-PB0078-DSC_0071.jpg171-Surface-Find-PB0078-DSC_0069.jpg,,
172,SURVEY,SURVEY,Bowl,Medium,B&W,Jingdezhen,Porcelain,Base,182,,Morning glory?,1,PB0079,172-IMG_4535.jpg172-Surface-Find-PB0079-DSC_0014.jpg172-Surface-Find-PB0079-DSC_0012.jpg,,
174,SURVEY,SURVEY,Vase,,B&W,Jingdezhen,Porcelain,Shard,13,,,1,PB0081,174-Surface-Find-PB0081-DSC_0122.jpg174-Surface-Find-PB0081-DSC_0125.jpg,,
176,SURVEY,SURVEY,Bowl,Small,B&W,Jingdezhen,Porcelain,Rim shard,5,,,1,PB0083,176-IMG_4536.jpg176-IMG_4584.jpg,,
177,SURVEY,SURVEY,Bowl,Medium,B&W,Jingdezhen,Porcelain,Rim shard,33,Lotus panels lotus scroll,Lotus scroll,1,PB0085,177-Surface-Find-PB0085-DSC_0101.jpg177-Surface-Find-PB0085-DSC_0103.jpg,,
178,SURVEY,SURVEY,Bowl,Medium,B&W,Jingdezhen,Porcelain,Rim shard,45,Lotus panels lotus scroll,Lotus pond,1,PB0086,178-Surface-Find-PB0086-DSC_0078.jpg178-Surface-Find-PB0086-DSC_0080.jpg,,
186,SURVEY,SURVEY,Vase,Tiny,B&W,Jingdezhen,Porcelain,Neck shard,9,Panels,,1,PB0102 faceted,186-Surface-Find-PB0102-DSC_0108.jpg186-Surface-Find-PB0102-DSC_0110.jpg,,
187,SURVEY,SURVEY,Vase,,B&W,Jingdezhen,Porcelain,Shard,5,Waves reverse decoration,,1,PB0103,187-Surface-Find-PB0103-DSC_0115.jpg187-Surface-Find-PB0103-DSC_0112.jpg,,
193,E16,B084,Bowl,,B&W,Jingdezhen,Porcelain,Shard,17,Lotus panels,Lotus,1,,193-E16-B084-Blue-and-White-DSC_0597.jpg193-E16-B084-Blue-and-White-DSC_0599.jpg,,
200,E16,B084,Bowl,Medium,B&W,Jingdezhen,Porcelain,Base,250,Lotus panels,Lotus bouquets,1,,200-IMG_3701.jpg200-IMG_3702.jpg,,
205,E16,B086,Bowl,,B&W,Jingdezhen,Porcelain,Base,306,Lotus panels,Ducks in lotus pond,1,,205-IMG_3677.jpg205-IMG_3676.jpg,,
212,E16,B085,Bowl,,B&W,Jingdezhen,Porcelain,Base,334,Lotus panels,Ducks in lotus pond,1,,212-IMG_3714.jpg212-IMG_3713.jpg,,
214,E16,B086,Vase,,B&W,Jingdezhen,Porcelain,Shard,14,Dragon,,1,3 claw,214-IMG_3826.jpg214-IMG_4161.jpg,,
215,E16,B086,Bowl,,B&W,Jingdezhen,Porcelain,Base,406,Lotus panels,Ducks in lotus pond,1,,215-IMG_3664.jpg215-IMG_3665.jpg,,
222,E16,B086,Bowl,,B&W,Jingdezhen,Porcelain,Shard,76,Lotus panels,,1,,222-E16-B086-Blue-and-White-DSC_0743.jpg222-E16-B086-Blue-and-White-DSC_0742.jpg,,
227,E16,B086,Vase,,B&W,Jingdezhen,Porcelain,Shard,10,Lotus panels,,1,,227-IMG_3846.jpg227-IMG_3845.jpg,,
233,E16,B086,Vase?,,B&W,Jingdezhen,Porcelain,Shard,163,Peony floral in lappet,,1,,233-IMG_3788.jpg233-IMG_3789.jpg,,
237,E16,B085,Vase,,B&W,Jingdezhen,Porcelain,Shard,23,Lotus in panels,,1,,237-E16-B085-Blue-and-White-DSC_0810.jpg237-E16-B085-Blue-and-White-DSC_0807.jpg,,
242,E16,B085,Bowl?,Small,B&W,Jingdezhen,Porcelain,Base,37,,Prunus,1,Base type unknown,242-E16-B085-Blue-and-White-DSC_0826.jpg242-E16-B085-Blue-and-White-DSC_0825.jpg,,
247,E16,B086,Bowl,,B&W,Jingdezhen,Porcelain,Base,179,Lotus panels,Ducks in lotus pond,1,,247-E16-B086-Blue-and-White-DSC_0869.jpg247-E16-B086-Blue-and-White-DSC_0868.jpg,,
252,E16,B089,Bowl,,B&W,Jingdezhen,Porcelain,Shard,26,Lotus panels,,1,,252-E16-B089-Blue-and-White-DSC_0893.jpg252-E16-B089-Blue-and-White-DSC_0892.jpg,,
258,E16,B089,Vase?,,B&W,Jingdezhen,Porcelain,Shard,20,,,1,Faceted,258-E16-B089-Blue-and-White-DSC_1104.jpg258-E16-B089-Blue-and-White-DSC_1105.jpg,,
263,E16,B089,Bowl,Medium,B&W,Jingdezhen,Porcelain,Base,151,,,1,Eroded,,,
277,E16,B089,Guan?,,B&W,Jingdezhen,Porcelain,Shard,42,Peony?,,1,Eroded,277-E16-B089-Turquoise-DSC_1061.jpg277-E16-B089-Turquoise-DSC_1060.jpg,,
280,E16,B089,Ewer,,B&W,Jingdezhen,Porcelain,Handle shard,30,Scroll,,1,Coin decoration,0280-IMG_3731.jpg0280-IMG_3730.jpg,,✓
306,E16,B087,Vases,,B&W,Jingdezhen,Porcelain,Shards,23,,,2,,306-IMG_3808.jpg306-IMG_3809.jpg,,
312,E16,B087,Bowl,Medium,B&W,Jingdezhen,Porcelain,Base,258,,Ducks in lotus pond,1,,312-IMG_3777.jpg312-IMG_3776.jpg,,
317,E16,B087,Vase,,B&W,Jingdezhen,Porcelain,Shard,19,Lotus panels lotus scroll,,1,,317-IMG_3823.jpg317-IMG_3822.jpg,,
324,E15,B056,Bowl,Medium,B&W,Jingdezhen,Porcelain,Base,211,,Ducks in lotus pond,1,,324-IMG_4021.jpg324-IMG_4023.jpg,,
337,E15,B055,Vase,,B&W,Jingdezhen,Porcelain,Shard,22,,,1,,337-E15-B055-Blue-and-white-DSC_1508.jpg337-E15-B055-Blue-and-white-DSC_1509.jpg,,
343,E15,B055,Bowl,Small,B&W,Jingdezhen,Porcelain,Base,43,,Lotus bouquet,1,Shufu shape? Footring broken?,343-E15-B055-Blue-and-white-DSC_1563.jpg343-E15-B055-Blue-and-white-DSC_1562.jpg,,
351,E15,B056,Vase,,B&W,Jingdezhen,Porcelain,Shard,6,Lotus panels,,1,,351-E15-B056-Blue-and-white-DSC_1595.jpg351-E15-B056-Blue-and-white-DSC_1594.jpg,,
363,E15,B056,Bowl,Medium,B&W,Jingdezhen,Porcelain,Base,215,,Ducks in lotus pond,1,,363-IMG_4014.jpg363-IMG_4013.jpg,,
368,E15,B056,Vase,,B&W,Jingdezhen,Porcelain,Base shard,55,Lotus petals scroll,,1,,368-IMG_4008.jpg368-IMG_4006.jpg368-IMG_4005.jpg368-IMG_4004.jpg,,
375,E15,B056,Vases,,B&W,Jingdezhen,Porcelain,Shards,41,Lotus panels scroll,,2,,375-IMG_4538.jpg375-IMG_4539.jpg,,
386,E15,B058,Bowl,Medium,B&W,Jingdezhen,Porcelain,Base,229,Lotus panels,Ducks in lotus pond,1,,386-IMG_3972.jpg386-IMG_3973.jpg,,
387,E15,B057,Bowl,Medium,B&W,Jingdezhen,Porcelain,Base,241,Lotus panels,Ducks in lotus pond,1,,387-IMG_3982.jpg387-IMG_3981.jpg,,
391,G12,B059,Bowl,Small,B&W,Jingdezhen,Porcelain,,118,,,1,Shufu shape?,,,
397,E15,B060,Vase,,B&W,Jingdezhen,Porcelain,Shard,51,Lotus panels scroll,,1,,397-E15-B060-Blue-and-white-DSC_1928.jpg397-E15-B060-Blue-and-white-DSC_1927.jpg,,
406,E15,B060,Bowl,,B&W,Jingdezhen,Porcelain,Shard,12,,Chrysanthemum scroll,1,,406-E15-B060-Blue-and-white-DSC_1975.jpg406-E15-B060-Blue-and-white-DSC_1974.jpg,,
407,E15,B060,Bowl,Medium,B&W,Jingdezhen,Porcelain,Base shard,72,,Dragon,1,Cross-hatched scales,407-E15-B060-Blue-and-white-DSC_1982.jpg407-E15-B060-Blue-and-white-DSC_1983.jpg,,
408,E15,B055,Bowl,Small,B&W,Jingdezhen,Porcelain,Base,118,,Fungus?,1,,408-E15-B055-Blue-and-white-DSC_2018.jpg408-E15-B055-Blue-and-white-DSC_2022.jpg,,
409,E15,B055,Bowl,Medium,B&W,Jingdezhen,Porcelain,Base,188,Lotus panels,Lotus bouquet,1,Rim shard top left,409-E15-B055-Blue-and-white-DSC_2029.jpg409-E15-B055-Blue-and-white-DSC_2031.jpg,,
410,E15,B060,Vases,,B&W,Jingdezhen,Porcelain,Shards,63,,,4,,410-E15-B060-Blue-and-white-DSC_1992.jpg410-E15-B060-Blue-and-white-DSC_1991.jpg,,
411,E15,B060,Vase,,B&W,Jingdezhen,Porcelain,Shard,40,Leaves,,1,Faceted,411-IMG_3997.jpg411-IMG_3996.jpg,,
412,E15,B060,Bowl,Medium,B&W,Jingdezhen,Porcelain,Base,153,,Ducks in lotus pond,1,,412-IMG_4034.jpg412-IMG_4033.jpg,,
413,E15,B052,Vase?,,B&W,Jingdezhen,Porcelain,Base shard,22,Lotus petals,,1,Flat base,413-E15-B052-Blue-and-white-DSC_2065.jpg413-E15-B052-Blue-and-white-DSC_2066.jpg,,
424,E15,B054,Guan?,,B&W,Jingdezhen,Porcelain,Shard,150,Lotus panels,,1,Faceted octagonal?,424-E15-B054-Blue-and-white-DSC_2141.jpg424-E15-B054-Blue-and-white-DSC_2142.jpg,,
434,E16,B083,Vase,,R&W,Jingdezhen,Porcelain,Shard,56,Rings clouds,,1,,434-E16-B083-Underglaze-Copper-red-Bottle-Ewer-Vase-DSC_2364.jpg434-E16-B083-Underglaze-Copper-red-DSC_2362.jpg,,
435,E16,B082,Bowl,,B&W,Jingdezhen,Porcelain,Rim shard,26,Lotus scroll,Chrysanthemum scroll,1,,435-E16-B082-Blue-and-white-Bowl-Pattern-Lotus-scroll-DSC_2219.jpg435-E16-B082-Blue-and-white-Bowl-Pattern-Lotus-scroll-DSC_2221.jpg,,
437,E16,B084,Bowl,Medium,B&W,Jingdezhen,Porcelain,Rim shard,47,Lotus panels lotus scroll,Lotus pond?,1,,437-E16-B084-Blue-and-white-Bowl-Pattern-Lotus-Scroll-DSC_2284.jpg437-E16-B084-Blue-and-white-Bowl-Pattern-Lotus-Scroll-DSC_2286.jpg,,
438,E16,B084,Bowl,Small,B&W,Jingdezhen,Porcelain,Base,92,,Lotus bouquet,1,Shufu shape,438-E16-B084-Blue-and-white-Bowl-Carinate-DSC_2293.jpg438-E16-B084-Blue-and-white-Bowl-Carinate-DSC_2294.jpg,,
439,E16,B084,Bowl,Medium,B&W,Jingdezhen,Porcelain,Shard,77,Lotus panels with symbols,Lotus pond,1,Unknown symbols,439-E16-B084-Blue-and-white-Bowl-Pattern-Lappet-special-DSC_2305.jpg439-E16-B084-Blue-and-white-Bowl-Pattern-Lappet-special-DSC_2304.jpg,,✓
440,E16,B084,Vase,,B&W,Jingdezhen,Porcelain,Shard,62,Lotus panels scrolls,,1,,440-E16-B084-Blue-and-white-Bottle-Ewer-Vase-DSC_2310.jpg440-E16-B084-Blue-and-white-Bottle-Ewer-Vase-DSC_2311.jpg,,
441,E16,B084,Bowl,Medium,B&W,Jingdezhen,Porcelain,Base,234,Lotus panels,Ducks in lotus pond,1,,441-E16-B084-Blue-and-white-Bowl-Pattern-Lotus-Pond-DSC_2316.jpg441-E16-B084-Blue-and-white-Bowl-Pattern-Lotus-Pond-DSC_2315.jpg,,
442,E16,B084,Bowl,Medium,B&W,Jingdezhen,Porcelain,Base,410,,Morning glory vines,1,,442-E16-B084-Blue-and-white-Bowl-Pattern-Peony-Scroll-DSC_2326.jpg442-E16-B084-Blue-and-white-Bowl-Pattern-Peony-Scroll-DSC_2325.jpg,,✓
443,E16,B089,Bowl,,B&W,Jingdezhen,Porcelain,Shard,18,Lotus panels,Ducks in lotus pond,1,,443-IMG_4881.jpg443-IMG_4882.jpg,,
444,E16,B084,Bowl,Medium,B&W,Jingdezhen,Porcelain,Base,184,Lotus panels,Ducks in lotus pond,1,,444-IMG_3769.jpg444-IMG_3768.jpg,,
454,E16,B083,Cup,Small,B&W,Jingdezhen,Porcelain,Base,17,,Chrysanthemum,1,,454-E16-B083-Blue-and-white-DSC_2371.jpg454-E16-B083-Blue-and-white-DSC_2373.jpg,,
455,E16,B083,Bowl,Medium,B&W,Jingdezhen,Porcelain,Base,199,Lotus panels,Ducks in lotus pond,1,,0455-IMG_3737.jpg0455-IMG_3736.jpg,,
460,E16,B082,Vases,,B&W,Jingdezhen,Porcelain,Shards,158,Waves reverse decoration,,4,,460-E16-B082-Blue-and-white-DSC_2418.jpg460-E16-B082-Blue-and-white-DSC_2420.jpg,,✓
461,E16,B082,Bowl,Medium,B&W,Jingdezhen,Porcelain,Base shard,613,Lotus panels,Ducks in lotus pond,4,,0461-IMG_3724.jpg0461-IMG_3725.jpg,,✓
462,E16,B082,Bowl,Medium,B&W,Jingdezhen,Porcelain,Base,197,Lotus petals spaced,Fungus scroll,1,,0462-IMG_3687.jpg0462-IMG_3688.jpg,,✓
463,E16,B082,Vase,,B&W,Jingdezhen,Porcelain,Shard,31,Lotus panels scroll,,1,Faceted,463-IMG_3792.jpg463-IMG_3793.jpg,,
464,E16,B082,Bowl,Small,B&W,Jingdezhen,Porcelain,Shard,7,Leaves,,1,,464-IMG_3812.jpg464-IMG_3813.jpg,,
467,E16,B082,Bowl,Medium,B&W,Jingdezhen,Porcelain,Base,130,Lotus panels,Peony?,1,,467-IMG_3783.jpg467-IMG_3782.jpg,,
474,E16,B082,Vase,,B&W,Jingdezhen,Porcelain,Shard,21,Lotus panels scroll floral panels,,1,Faceted,474-E16-B082-Blue-and-white-DSC_2534.jpg,,
487,E16,B082,Vase,Large?,B&W,Jingdezhen,Porcelain,Shard,35,Lotus panels lotus,,1,,487-IMG_3816.jpg487-IMG_3817.jpg,,✓
504,E16,B082,Bowl,Medium,B&W,Jingdezhen,Porcelain,Base shard,346,Lotus panels,Ducks in lotus pond,1,,504-IMG_3720.jpg504-IMG_3719.jpg,,✓
529,E15,B061,Bowls,,B&W,Jingdezhen,Porcelain,Shards,48,,,4,,529-E15-B061-Blue-and-white-DSC_2777.jpg529-E15-B061-Blue-and-white-DSC_2778.jpg,,
539,E15,B063,Vases,,B&W,Jingdezhen,Porcelain,Shards,31,,,3,,539-IMG_4537.jpg539-E15-B063-Blue-and-white-DSC_2802.jpg,,
540,F15,B064,Bowls,Small,B&W,Jingdezhen,Porcelain,Bases,189,,Lotus bouquet,2,,540-IMG_4384.jpg540-IMG_4383.jpg,,
543,E15,B061,Vase?,,B&W,Jingdezhen,Porcelain,Shard,148,Dragon & phoenix,,1,,543-IMG_3942.jpg543-IMG_3943.jpg,,✓
554,E15,B061,Bowl,Medium,B&W,Jingdezhen,Porcelain,Base,356,,Ducks in lotus pond,1,,554-E15-B061-Blue-and-white-DSC_2869.jpg554-E15-B061-Blue-and-white-DSC_2870.jpg,,
562,E15,B061,Vases,,B&W,Jingdezhen,Porcelain,Shards,20,,,2,,562-E15-B061-Blue-and-whiteDSC_2894.jpg562-E15-B061-Blue-and-whiteDSC_2895.jpg,,
578,E16,B089,Vase,,B&W,Jingdezhen,Porcelain,Shard,28,Panels,,1,Faceted,578--IMG_4879.jpg578-IMG_4880.jpg,,
579,F15,B064,Vase,,B&W,Jingdezhen,Porcelain,,152,Lotus panels scroll,,1,,579-F15-B064-Blue-and-white-Large-Jar-DSC_2952.jpg579-F15-B064-Blue-and-white-Large-Jar-DSC_2953.jpg,,
589,E15,B047,Bowl,Medium,B&W,Jingdezhen,Porcelain,Base shard,334,Lotus panels,Ducks in lotus pond,1,,589-IMG_3917.jpg589-IMG_3918.jpg,,✓
590,E15,B047,Vase,,R&W,Jingdezhen,Porcelain,Shard,3,,,1,,590-E15-B047-Underglaze-Copper-Red-DSC_3256.jpg590-E15-B047-Underglaze-Copper-Red-DSC_3255.jpg,,✓
591,E15,B048,Bowls,Medium,B&W,Jingdezhen,Porcelain,Bases,356,Lotus panels,Ducks in lotus pond,3,,591-IMG_4249.jpg591-IMG_4248.jpg,,
593,E14,B049,Bowls,,B&W,Jingdezhen,Porcelain,Rim shards,8,Scroll,,2,,593-E14-B049-Blue-and-white-DSC_3278.jpg593-E14-B049-Blue-and-white-DSC_3277.jpg,,
602,E15,B052,Bowl,Medium,B&W,Jingdezhen,Porcelain,Base,273,Lotus panels,Ducks in lotus pond,1,,602-E15-B052-Blue-and-white-DSC_3308.jpg602-E15-B052-Blue-and-white-DSC_3307.jpg,,
607,E15,B048,Guan?,,B&W,Jingdezhen,Porcelain,Shard,50,,,1,Coral encrusted,607-E15-B048-Blue-and-white-DSC_3326.jpg607-E15-B048-Blue-and-white-DSC_3327.jpg,,
615,E15,B048,Bowls,,B&W,Jingdezhen,Porcelain,Shards,34,,,2,,615-E15-B048-Blue-and-white-DSC_3365.jpg615-E15-B048-Blue-and-white-DSC_3363.jpg,,
627,E15,B052,Bowls,Medium & small,B&W,Jingdezhen,Porcelain,Bases,250,Lotus panels,Ducks in lotus pond,2,Eroded,627-E15-B052-Blue-and-white-DSC_3415.jpg627-E15-B052-Blue-and-white-DSC_3417.jpg,,
632,E15,B056,Vase,,B&W,Jingdezhen,Porcelain,Shard,16,Lotus,,1,,632-E15-B056-Blue-and-white-DSC_3436.jpg632-E15-B056-Blue-and-white-DSC_3437.jpg,,
644,E15,B060,Bowl,Medium,B&W,Jingdezhen,Porcelain,Base shard,81,,Ducks in lotus pond,1,,644-E15-B060-Blue-and-white-DSC_3492.jpg644-E15-B060-Blue-and-white-DSC_3491.jpg,,
655,E16,B088,Vase,,B&W,Jingdezhen,Porcelain,Shard,9,,,1,,655-IMG_4883.jpg655-IMG_4884.jpg,,
661,E16,B081,Bowl,Medium,B&W,Jingdezhen,Porcelain,Base,227,,,1,,661-P7064460.jpg661-P7064458.jpg,,✓
666,G12,B059,Bowl,Medium,B&W,Jingdezhen,Porcelain,Rim shard,50,Lotus panels scroll,Scroll,1,,666-G12-B059-Blue-and-white-DSC_3543.jpg666-G12-B059-Blue-and-white-DSC_3544.jpg,,
673,E15,B057,Bowl,,B&W,Jingdezhen,Porcelain,Shard,23,Lotus panels,Fungus?,1,,673-E15-B057-Blue-and-white-DSC_3561.jpg673-E15-B057-Blue-and-white-DSC_3560.jpg,,
699,E15,B058,Vase,Large?,B&W,Jingdezhen,Porcelain,Shard,32,Lotus panels lotus scroll,,1,,699-IMG_4026.jpg699-IMG_4160.jpg,,
707,E15,B057,Guan,,B&W,Jingdezhen,Porcelain,Shard,122,Chrysanthemum lotus scroll,,1,,707-E15-B057-Blue-and-white-Jar-Large-Special-DSC_3659.jpg707-E15-B057-Blue-and-white-Jar-Large-Special-DSC_3660.jpg,,✓
708,E15,B057,Bowl,Medium,B&W,Jingdezhen,Porcelain,Base,132,,Dragon,1,,708-E15-B057-Blue-and-white-Pattern-Dragon-DSC_3662.jpg708-E15-B057-Blue-and-white-Pattern-Dragon-DSC_3661.jpg,,✓
720,E15,B057,Guan?,,B&W,Jingdezhen,Porcelain,Shard,41,Lotus panels,,1,,720-E15-B057-Blue-and-white-Jar-Large-Special-DSC_3712.jpg720-E15-B057-Blue-and-white-Jar-Large-Special-DSC_3711.jpg,,✓
731,E15,B058,Bowl,Medium,B&W,Jingdezhen,Porcelain,Base,344,Lotus panels,Ducks in lotus pond,1,,731-E15-B058-Blue-and-white-DSC_3751.jpg731-E15-B058-Blue-and-white-DSC_3750.jpg,,
732,E15,B058,Guan,,B&W,Jingdezhen,Porcelain,Shard,464,Peony,,1,,732-E15-B058-Blue-and-white-Jar-Large-Special-DSC_3753.jpg732-E15-B058-Blue-and-white-Jar-Large-Special-DSC_3752.jpg,,✓
739,E15,B063,Guan,,B&W,Jingdezhen,Porcelain,Shard,147,Peony,,1,Faceted,739-E15-B063-Blue-and-white-Jar-Large-Octagen-Special-DSC_3774.jpg739-E15-B063-Blue-and-white-Jar-Large-Octagen-Special-DSC_3773.jpg,,✓
742,E18,B101,Stem bowl,,B&W,Jingdezhen,Porcelain,Stem shard,36,Banding,,1,,742-IMG_4361.jpg742-IMG_4362.jpg,,
743,E18,B101,Dish,Medium,B&W,Jingdezhen,Porcelain,Shard,119,Lotus panels,Lotus pond,1,,743-IMG_1332.jpg743-IMG_1333.jpg,,
744,E18,B101,Bowl,Small,B&W,Jingdezhen,Porcelain,Bases,83,,Lotus bouquet,1,Shufu shape,744-IMG_4570.jpg744-IMG_4571.jpg,,
745,E18,B101,Guan,Large,B&W,Jingdezhen,Porcelain,Base shard,308,Peony,,1,,745-IMG_1336.jpg745-IMG_1337.jpg,,✓
750,E18,B102,Vase,Medium,B&W,Jingdezhen,Porcelain,Shard,98,Waves dragon reverse decorated carved,,1,,750-IMG_1349.jpg750-IMG_1348.jpg750-IMG_1405.jpg750-IMG_1404.jpg750-IMG_1406.jpg,,✓
751,E18,B102,Vase,Medium,B&W,Jingdezhen,Porcelain,Base shard,87,,Lotus panels,1,,751-IMG_1350.jpg751-IMG_1351.jpg,,
752,E18,B102,Bowl,Small,B&W,Jingdezhen,Porcelain,Base shard,50,,Hares,1,A pair dark and light,752-IMG_1353.jpg752-IMG_1352.jpg,,✓
753,E18,B102,Cover,Small,B&W,Jingdezhen,Porcelain,Cover shard,7,,,1,Dome shaped,753-IMG_1354.jpg753-IMG_1355.jpg,,✓
756,E18,B102,Bowl,Medium,B&W,Jingdezhen,Porcelain,Base,237,Lotus panels,Ducks in lotus pond,1,,756-IMG_4296.jpg756-IMG_4295.jpg,,
757,E18,B102,Cup,Small,B&W,Jingdezhen,Porcelain,Base shard,14,,Chrysanthemum,1,,757-IMG_4354.jpg757-IMG_4353.jpg,,
758,D13,B012,Bowl,,B&W,Jingdezhen,Porcelain,Shard,29,Lotus panels,Lotus pond,1,,758-IMG_4424.jpg758-IMG_4425.jpg,,
760,D11,B036,Bowls,,B&W,Jingdezhen,Porcelain,Shards,68,,,9,,760-IMG_4325.jpg,,
761,E11,B041,Bowls,Medium &  small,B&W,Jingdezhen,Porcelain,Bases,286,Lotus panels,Lotus bouquet,2,,761-IMG_4185.jpg761-IMG_4184.jpg,,
762,E11,B041,Guan,Large,B&W,Jingdezhen,Porcelain,Shard,402,Melons and vines,,1,Luted at base,762-IMG_1372.jpg762-IMG_1373.jpg,,✓
763,E20,B115,Dish,Medium,B&W,Jingdezhen,Porcelain,Base shard,239,Lotus panels,Dragon,1,,763-IMG_1375.jpg763-IMG_1374.jpg,,✓
764,E20,B115,Bowls,,B&W,Jingdezhen,Porcelain,Shards,18,,,3,,764-IMG_1376.jpg764-IMG_1377.jpg,,
765,E20,B115,Vase,,B&W,Jingdezhen,Porcelain,Shard,3,,,1,,765-IMG_1379.jpg765-IMG_1378.jpg,,✓
766,D11,B036,Bowl,Medium,B&W,Jingdezhen,Porcelain,Base,122,,Double phoenix,1,,766-IMG_1380.jpg766-IMG_1381.jpg,,✓
767,E20,B114,Vase,,B&W,Jingdezhen,Porcelain,Shard,32,Bird scroll,,1,Not phoenix,767-IMG_4421.jpg767-IMG_4420.jpg,,
768,E20,B114,Bowl,Small,B&W,Jingdezhen,Porcelain,Base,93,,Lotus bouquet,1,Shufu shape,768-IMG_4308.jpg768-IMG_4307.jpg,,
769,E20,B111,Bowl,Medium,B&W,Jingdezhen,Porcelain,Base,212,Lotus panels,Ducks in lotus pond,1,,769-IMG_1386.jpg769-IMG_1387.jpg,,
770,E20,B111,Bowl,Medium,B&W,Jingdezhen,Porcelain,Two thirds intact,288,Lotus panels,Ducks in lotus pond,1,,770-IMG_1388.jpg770-IMG_1389.jpg,,✓
771,E11,B040,Bowls,Medium &  small,B&W,Jingdezhen,Porcelain,Bases,261,Lotus panels,Ducks in lotus pond,2,,771-IMG_4181.jpg771-IMG_4180.jpg,,
773,E11,B040,Ewer?,,B&W,Jingdezhen,Porcelain,Handle shard?,8,Scroll,,1,,773-IMG_4243.jpg773-IMG_4242.jpg,,
774,E23,B145,Bowl,Medium,B&W,Jingdezhen,Porcelain,Base,215,Lotus panels,Ducks in lotus pond,1,,774-IMG_1397.jpg774-IMG_1396.jpg,,
776,E23,B145,Dish,Medium,B&W,Jingdezhen,Porcelain,Base shard,100,Lotus panels,Phoenix,1,Tail only,776-IMG_4404.jpg776-IMG_4405.jpg,,
778,C11,B034,Bowl,Medium,B&W,Jingdezhen,Porcelain,Base shard,136,Lotus panels,Lotus,1,,778-IMG_1409.jpg778-IMG_1408.jpg778-IMG_1407.jpg,,
779,C11,B034,Vase,,B&W,Jingdezhen,Porcelain,Shard,25,,Chrysanthemum,1,Faceted?,779-IMG_1411.jpg779-IMG_1410.jpg,,
780,C11,B034,Bowls,,B&W,Jingdezhen,Porcelain,Shards,67,,,10,,780-IMG_1415.jpg780-IMG_1414.jpg,,
782,E12,B019,Vase,,B&W,Jingdezhen,Porcelain,Neck shard,32,Panels scroll,,1,Faceted luted cobalt fused,782-IMG_1424.jpg782-IMG_1423.jpg,,
783,E12,B019,Bowl,Small,B&W,Jingdezhen,Porcelain,Base,83,,Duck?,1,,783-IMG_1425.jpg783-IMG_1426.jpg,,✓
785,E12,B019,Jarlet,Small,B&W,Jingdezhen,Porcelain,Shard,10,Applique beaded ribs,,1,,785-IMG_1429.jpg785-IMG_1430.jpg,,
787,E12,B019,Dish,Medium,B&W,Jingdezhen,Porcelain,Base shard,51,Lotus panels,Ducks in lotus pond,1,,787-IMG_4560.jpg787-IMG_4561.jpg,,
790,E12,B021,Guan?,,B&W,Jingdezhen,Porcelain,Shard,129,Lotus panels with symbols,,1,,790-IMG_1441.jpg790-IMG_1440.jpg,,
793,E12,B021,Vase,,B&W,Jingdezhen,Porcelain,Shard,6,,,1,Faceted,793-IMG_4547.jpg793-IMG_4546.jpg,,
794,E12,B020,Bowl,Medium,B&W,Jingdezhen,Porcelain,Base,200,Lotus panels,Dragon,1,3 claw,794-IMG_1447.jpg794-IMG_1448.jpg,,✓
795,E12,B020,Bowl,Medium,B&W,Jingdezhen,Porcelain,Base,112,,Lotus bouquet?,1,,795-IMG_4287.jpg795-IMG_4288.jpg,,
796,E12,B020,Bowl,,B&W,Jingdezhen,Porcelain,Shard,39,Lotus panels,Peony?,1,,796-IMG_4208.jpg796-IMG_4209.jpg,,
797,E13,B018,Vases,,B&W,Jingdezhen,Porcelain,Shards,91,Phoenix peony,,2,Guan left?,797-IMG_1453.jpg797-IMG_1454.jpg,,
799,E16,B076,Bowl,Medium,B&W,Jingdezhen,Porcelain,Base,202,Lotus panels,Ducks in lotus pond,1,,799-IMG_1458.jpg799-IMG_1457.jpg,,
801,E16,B076,Vase,,B&W,Jingdezhen,Porcelain,Shard,13,Lotus petals,,1,,801-IMG_4166.jpg801-IMG_4167.jpg,,
802,E12,B019,Bowl,Medium,B&W,Jingdezhen,Porcelain,Base,280,Lotus panels,Lotus bouquets,1,,802-IMG_1464.jpg802-IMG_1463.jpg,,
804,E13,B018,Bowl,Medium,B&W,Jingdezhen,Porcelain,Base,124,,Peony?,1,,804-IMG_1467.jpg804-IMG_1468.jpg,,
806,E13,B018,Bowls,,B&W,Jingdezhen,Porcelain,Shards,48,,,5,,806-IMG_4266.jpg806-IMG_4265.jpg,,
811,E16,B080,Vase,Medium,B&W,Jingdezhen,Porcelain,Shard,13,Dragon,,1,Cross-hatched scales,811-IMG_1484.jpg811-IMG_1483.jpg,,✓
812,E16,B080,Bowl,Small,B&W,Jingdezhen,Porcelain,Base,89,,Lotus bouquet,1,,812-IMG_1485.jpg812-IMG_1486.jpg,,
813,E16,B080,Vases,,B&W,Jingdezhen,Porcelain,Shards,73,Lotus panels,,3,,813-IMG_4262.jpg813-IMG_4261.jpg,,
814,E20,B116,Bowl,Small,B&W,Jingdezhen,Porcelain,Base shard,64,Lotus panels,Lotus,1,,814-IMG_1491.jpg814-IMG_1490.jpg,,
815,E20,B119,Vase,,B&W,Jingdezhen,Porcelain,Shard,16,Lotus panels scroll,,1,Faceted?,815-IMG_1492.jpg815-IMG_1493.jpg,,
816,E23,B145,Bowl,Medium,B&W,Jingdezhen,Porcelain,Base,276,Lotus panels,Ducks in lotus pond,1,,816-IMG_1494.jpg816-IMG_1495.jpg,,
817,E23,B145,Bowls,,B&W,Jingdezhen,Porcelain,Shards,89,Lotus panels petals,Scroll,2,,817-IMG_1497.jpg817-IMG_1496.jpg,,
818,E20,B114,Vase,,B&W,Jingdezhen,Porcelain,Shard,16,Berries,,1,,818-IMG_4413.jpg818-IMG_4412.jpg,,
819,E16,B074,Flask,Large,B&W,Jingdezhen,Porcelain,Shard,283,Lotus waves,,1,Cobalt fused interior glazed,819-IMG_1503.jpg819-IMG_1502.jpg,,✓
820,E16,B080,Vase?,,B&W,Jingdezhen,Porcelain,Base shard,41,,,1,Flat base,820-IMG_4576.jpg820-IMG_4577.jpg,,
821,D15,B007,Vase,,B&W,Jingdezhen,Porcelain,Shard,14,,,1,Faceted,821-IMG_4543.jpg821-IMG_4542.jpg,,
822,D15,B007,Guan?,,B&W,Jingdezhen,Porcelain,Shard,96,Ruyi lappets with floral scroll,,1,,822-IMG_1510.jpg822-IMG_1509.jpg,,
826,E23,B144,Vase,,B&W,Jingdezhen,Porcelain,Neck shard,13,Lotus,,1,Interior glazed at top,826-IMG_1518.jpg826-IMG_1517.jpg,,
827,E23,B144,Dish,,B&W,Jingdezhen,Porcelain,Rim shard,3,,,1,Faceted,827-IMG_1520.jpg827-IMG_1519.jpg,,✓
828,E23,B144,Bowl,Medium,B&W,Jingdezhen,Porcelain,Base,152,Lotus panels,Ducks in lotus pond,1,,828-IMG_1522.jpg828-IMG_1521.jpg,,
829,E23,B144,Vase,,B&W,Jingdezhen,Porcelain,Shard,24,Lotus scrolls,,1,,829-IMG_4372.jpg829-IMG_4371.jpg,,
830,E20,B116,Bowl,,B&W,Jingdezhen,Porcelain,Shard,12,,Lotus,1,,830-IMG_1526.jpg830-IMG_1525.jpg,,
831,E16,B079,Bowl,Medium,B&W,Jingdezhen,Porcelain,Shards,334,Lotus panels,Ducks in lotus pond,1,,831-IMG_4196.jpg831-IMG_4197.jpg,,
832,E16,B079,Vase,,B&W,Jingdezhen,Porcelain,Shard,63,,Phoenix,1,,832-IMG_1529.jpg832-IMG_1530.jpg,,✓
833,E16,B079,Guan?,,B&W,Jingdezhen,Porcelain,Shard,89,,Grape vine?,1,,833-IMG_1531.jpg833-IMG_1532.jpg,,
834,E16,B079,Bowl,Medium,B&W,Jingdezhen,Porcelain,Base shard,367,,,1,Excellent cond glaze,834-IMG_1533.jpg834-IMG_1534.jpg,,✓
835,E16,B077,Bowl,Medium &  small,B&W,Jingdezhen,Porcelain,Bases,315,Lotus panels,Ducks in lotus pond,2,,835-IMG_1535.jpg835-IMG_1536.jpg,,
841,E16,B077,Vases,,B&W,Jingdezhen,Porcelain,Shards,74,Lotus panels,,3,,841-IMG_4368.jpg841-IMG_4367.jpg,,
842,E15,B052,Bowl,Medium,B&W,Jingdezhen,Porcelain,Base,867,Lotus panels,Ducks in lotus pond,1,Coral encrusted,842-IMG_1549.jpg842-IMG_1550.jpg,,
843,E15,B052,Vase,,B&W,Jingdezhen,Porcelain,Shard,28,Lotus pond scroll,,1,,843-IMG_4284.jpg843-IMG_4283.jpg,,
844,E20,B115,Bowl,Medium,B&W,Jingdezhen,Porcelain,Base,244,Lotus panels,Ducks in lotus pond,1,,844-IMG_1554.jpg844-IMG_1553.jpg,,
845,E20,B115,Bowls,,B&W,Jingdezhen,Porcelain,Shards,95,,,2,,845-IMG_1556.jpg845-IMG_1555.jpg,,
846,D13,B010,Bowl,Small,B&W,Jingdezhen,Porcelain,Base,161,,Dragon,1,Cross-hatched scales,846-IMG_1558.jpg846-IMG_1557.jpg,,✓
850,D13,B010,Bowl,Small,B&W,Jingdezhen,Porcelain,Base,77,,Lotus bouquet,1,,850-IMG_4332.jpg850-IMG_4331.jpg,,
851,E16,B076,Vase,,B&W,Jingdezhen,Porcelain,Shard,45,Ruyi lappet with waves,,1,,851-IMG_1567.jpg851-IMG_1568.jpg,,✓
852,E15,B054,Bowl,Medium,B&W,Jingdezhen,Porcelain,Bases,307,Lotus panels,Ducks in lotus pond,2,,852-IMG_1570.jpg852-IMG_1569.jpg,,
853,E15,B054,Bowl,Medium,B&W,Jingdezhen,Porcelain,Base,106,,Double vajra,1,,853-IMG_1572.jpg853-IMG_1571.jpg,,✓
854,E15,B054,Stem cup,Small,B&W,Jingdezhen,Porcelain,Base,61,,Chrysanthemum,1,,854-IMG_1575.jpg854-IMG_1574.jpg854-IMG_1573.jpg,,✓
855,E15,B054,Vases,,B&W,Jingdezhen,Porcelain,Shards,27,,,2,,855-IMG_4271.jpg855-IMG_4272.jpg,,
856,E16,B075,Bowl,Medium,B&W,Jingdezhen,Porcelain,Base,194,Lotus panels,Ducks in lotus pond,1,,856-IMG_1579.jpg856-IMG_1578.jpg,,
857,E16,B075,Vase,,B&W,Jingdezhen,Porcelain,Base shard,38,Frett work lotus panels,,1,Octagonal,857-IMG_1580.jpg857-IMG_1581.jpg857-IMG_1582.jpg,,✓
858,E16,B075,Vase,,R&W,Jingdezhen,Porcelain,Shard,23,,,1,,858-IMG_1584.jpg858-IMG_1585.jpg,,✓
862,E16,B075,Stem cup?,,B&W,Jingdezhen,Porcelain,Shard,5,Leaves,,1,,862-IMG_4221.jpg862-IMG_4222.jpg,,
864,E20,B114,Dish,Medium,B&W,Jingdezhen,Porcelain,Base,362,Lotus panels,Double phoenix,1,original dia ~36 cm,864-IMG_1596.jpg864-IMG_1597.jpg864-IMG_1598.jpg,,✓
866,E20,B112,Guan,Large,B&W,Jingdezhen,Porcelain,Base shard,733,Peony,,1,Luted base eroded,866-IMG_1602.jpg866-IMG_1601.jpg,,✓
867,F12,B053,Jarlet,Small,B&W,Jingdezhen,Porcelain,Mouth and shoulder,55,Applique beaded ribs,,1,Ear handles,867-IMG_1604.jpg867-IMG_1605.jpg867-IMG_1603.jpg,,✓
870,E11,B050,Cover,Small,B&W,Jingdezhen,Porcelain,Shard,2,Panels?,,1,,870-IMG_1610.jpg870-IMG_1611.jpg,,
871,E16,B079,Ewer,,B&W,Jingdezhen,Porcelain,Handle shard,22,Scroll,,1,,871-IMG_1612.jpg871-IMG_1613.jpg,,✓
872,E16,B078,Vase,,B&W,Jingdezhen,Porcelain,Shard,44,Vines?,,1,,872-IMG_1615.jpg872-IMG_1614.jpg,,
873,E16,B073,Bowl,Small,B&W,Jingdezhen,Porcelain,Base,156,,Dragon,1,Eroded,873-IMG_1616.jpg873-IMG_1617.jpg,,✓
874,G11,B051,Bowls,,B&W,Jingdezhen,Porcelain,Shards,109,,,4,,874-IMG_1619.jpg874-IMG_1618.jpg,,
875,D11,B035,Bowl,Medium,B&W,Jingdezhen,Porcelain,Base,214,Lotus panels,Ducks in lotus pond,1,,875-IMG_4341.jpg875-IMG_4342.jpg,,
878,D11,B035,Cup?,Small,B&W,Jingdezhen,Porcelain,Shard,5,,,1,,878-IMG_4399.jpg878-IMG_4398.jpg,,
879,E16,B078,Bowl,Medium,B&W,Jingdezhen,Porcelain,Base,307,Lotus panels,Ducks in lotus pond,1,,0879-IMG_3644.jpg0879-IMG_3643.jpg,,
880,E16,B078,Bowls,,B&W,Jingdezhen,Porcelain,Shards,31,Lotus,Chrysanthemum,5,,880-IMG_1631.jpg880-IMG_1632.jpg,,
881,E16,B078,Vases,,B&W,Jingdezhen,Porcelain,Shards,190,,,10,,881-IMG_1634.jpg881-IMG_1633.jpg,,
884,D13,B010,Vases,,B&W,Jingdezhen,Porcelain,Shards,23,Lotus panels dragon,,2,Cross-hatched scales,884-IMG_1662.jpg884-IMG_1661.jpg,,
885,C15,B004,Vase,,B&W,Jingdezhen,Porcelain,Shard,15,Lotus panels,,1,,885-IMG_1664.jpg885-IMG_1663.jpg,,
886,E16,B074,Bowl,Medium,B&W,Jingdezhen,Porcelain,Base,162,Lotus panels,Lotus pond,1,Eroded,886-IMG_1665.jpg886-IMG_1666.jpg,,
887,E16,B2?,Bowl,Medium,B&W,Jingdezhen,Porcelain,Base,341,Lotus panels,Herons in lotus pond,1,,887-IMG_1667.jpg887-IMG_1668.jpg,,✓
888,E16,B077,Dish,Medium,B&W,Jingdezhen,Porcelain,Intact,236,Chrysanthemum scroll,Phoenix Chrysanthemum scroll,1,Rim chipped,888-IMG_1669.jpg888-IMG_1670.jpg,,✓
889,E16,B5?,Bowl,Medium,B&W,Jingdezhen,Porcelain,Rim to base,217,Lotus panels lotus scroll,Fungus scroll crysanthemum,1,Archaeologically intact,889-IMG_1672.jpg889-IMG_1671.jpg889-IMG_1673.jpg,,✓
890,E16,B5?,Bowl,Small,B&W,Jingdezhen,Porcelain,Base,89,,Lotus bouquet,1,Shufu shape?,890-IMG_1674.jpg890-IMG_1675.jpg,,
891,E16,B5?,Bowls,,B&W,Jingdezhen,Porcelain,Shards,128,,,7,,891-IMG_1677.jpg891-IMG_1676.jpg,,
892,E16,B073,Bowl,Medium,B&W,Jingdezhen,Porcelain,Base,255,Lotus panels,Ducks in lotus pond,1,,892-IMG_1678-copy.jpg892-IMG_1679.jpg,,
893,E16,B073,Vase,,B&W,Jingdezhen,Porcelain,Shard,13,Lotus panels scroll,,1,Faceted,893-IMG_4231.jpg893-IMG_4230.jpg,,
894,E16,B004?,Bowl,Medium,B&W,Jingdezhen,Porcelain,Base,219,Lotus panels,Ducks in lotus pond,1,,894-IMG_4276.jpg894-IMG_4275.jpg,,
895,E16,B004?,Vase,,B&W,Jingdezhen,Porcelain,Shard,9,Dragon? lotus panels,,1,,895-IMG_4174.jpg895-IMG_4175.jpg,,
898,E16,B074,Bowl,Medium,B&W,Jingdezhen,Porcelain,Base,322,Lotus panels,Ducks in lotus pond,1,,898-IMG_1690.jpg898-IMG_1691.jpg,,
899,E16,B074,Bowl,Medium,B&W,Jingdezhen,Porcelain,Base,122,,Chrysanthemum,1,,899-IMG_4202.jpg899-IMG_4203.jpg,,
900,E16,B074,Vases,,B&W,Jingdezhen,Porcelain,Shards,54,Phoenix,,3,,900-IMG_4270.jpg900-IMG_4269.jpg,,
902,E16,B081,Bowls,,B&W,Jingdezhen,Porcelain,Shards,178,,,5,,902-IMG_1700.jpg902-IMG_1701.jpg,,
903,E16,B4?,Bowl,Medium,B&W,Jingdezhen,Porcelain,Base,415,Lotus panels,Ducks in lotus pond,1,,903-IMG_1702.jpg903-IMG_1703.jpg,,
904,E16,B4?,Bowl,Medium,B&W,Jingdezhen,Porcelain,Base,182,Lotus panels,Ducks in lotus pond,1,,904-IMG_1705.jpg904-IMG_1704.jpg,,
905,E16,B4?,Vases,,B&W,Jingdezhen,Porcelain,Shards,79,,,4,,905-IMG_1706.jpg905-IMG_1707.jpg,,
906,E16,B004?,Bowls,,B&W,Jingdezhen,Porcelain,Shards,72,,,3,,906-IMG_1708.jpg906-IMG_1709.jpg,,
914,E16,B081,Bowl,Large,B&W,Jingdezhen,Porcelain,Half intact,1150,Lotus panels peony scroll,Ducks in lotus pond double,1,,914-IMG_1724.jpg914-IMG_1725.jpg,,✓
915,E16,B5?,Bowl,Medium,B&W,Jingdezhen,Porcelain,Base,251,Lotus panels,Dragon,1,4 claws,915-IMG_1727.jpg915-IMG_1726.jpg,,✓
916,E16,B5?,Bowl,Medium,B&W,Jingdezhen,Porcelain,Base,181,Lotus panels,Ducks in lotus pond,1,Coral encrusted,916-IMG_1729.jpg916-IMG_1728.jpg,,
917,E16,B5?,Bowl,Medium,B&W,Jingdezhen,Porcelain,Base,386,Lotus panels,Pair of birds clouds,1,Cobalt diffused fluffy necks,917-IMG_1731.jpg917-IMG_1730.jpg,,✓
918,E16,B5?,Bowl,Medium,B&W,Jingdezhen,Porcelain,Bases,444,Lotus panels,Ducks in lotus pond,2,,918-IMG_1733.jpg918-IMG_1732.jpg,,
919,E16,B081,Bowl,Medium,B&W,Jingdezhen,Porcelain,Base,281,Lotus panels,Dragon,1,4 claw,919-IMG_1735.jpg919-IMG_1736.jpg,,✓
920,E16,B081,Bowl,Medium,B&W,Jingdezhen,Porcelain,Base,294,Lotus panels,Lotus bouquet plain band floral scroll,1,,920-IMG_1738.jpg920-IMG_1737.jpg,,✓
921,E16,B081,Bowl,Medium,B&W,Jingdezhen,Porcelain,Base,111,,Lotus,1,,921-IMG_1739.jpg921-IMG_1740.jpg,,
922,E16,B081,Bowl,Medium,B&W,Jingdezhen,Porcelain,Base,180,,Ducks in lotus pond,1,,922-IMG_4162.jpg922-IMG_4163.jpg,,
923,E16,B081,Bowls,,B&W,Jingdezhen,Porcelain,Shards,72,,,4,,923-IMG_1744.jpg923-IMG_1743.jpg,,
924,E16,B2?,Bowl,Medium,B&W,Jingdezhen,Porcelain,Base,173,Lotus panels,Peony?,1,,924-IMG_1746.jpg924-IMG_1745.jpg,,
925,E16,B2?,Bowl,Medium,B&W,Jingdezhen,Porcelain,Base,150,Lotus panels,Ducks in lotus pond,1,,925-IMG_1747.jpg925-IMG_1748.jpg,,
926,E16,B2?,Bowl,Small,B&W,Jingdezhen,Porcelain,Base,62,,Lotus bouquet,1,,926-IMG_1749.jpg926-IMG_1750.jpg,,
928,E16,B2?,Vases,,B&W,Jingdezhen,Porcelain,Shards,78,,,4,,928-IMG_1753.jpg928-IMG_1754.jpg,,
929,E16,B2?,Bowls,,B&W,Jingdezhen,Porcelain,Shards,52,,,6,,929-IMG_1756.jpg929-IMG_1755.jpg,,
930,E16,B073,Bowl,Medium,B&W,Jingdezhen,Porcelain,Base,213,Lotus panels,Ducks in lotus pond,1,,930-IMG_1758.jpg930-IMG_1757.jpg,,
931,E16,B073,Bowl,Small,B&W,Jingdezhen,Porcelain,Base,95,,Lotus bouquet,1,,931-IMG_1759.jpg,,
932,E16,B073,Vase,,B&W,Jingdezhen,Porcelain,Shard,23,Lotus petals frett work,,1,,932-IMG_1761.jpg932-IMG_1760.jpg,,
933,D14,B006,Vase,,B&W,Jingdezhen,Porcelain,Shard,148,Crysanthemum bird in ruyi lappet,,1,,933-IMG_1763.jpg933-IMG_1762.jpg,,✓
934,D14,B006,Vase,,B&W,Jingdezhen,Porcelain,Shard,36,Floral scroll,,1,,934-IMG_1764.jpg934-IMG_1765.jpg,,
935,C14,B005,Vase,,B&W,Jingdezhen,Porcelain,Shard,16,Waves flower in reverse,,1,,935-IMG_1767.jpg935-IMG_1766.jpg,,✓
936,E11,B038,Bowl,Large,B&W,Jingdezhen,Porcelain,,730,Lotus panels,Ducks in lotus pond,1,,936-IMG_1787.jpg936-IMG_1786.jpg,,✓
937,E16,B4?,Bowl,,B&W,Jingdezhen,Porcelain,Base,224,Lotus panels,Ducks in lotus pond,1,,937-IMG_1789.jpg937-IMG_1788.jpg,,
938,E16,B4?,Vase,,B&W,Jingdezhen,Porcelain,Shard,58,Ducks in lotus pond scroll,,1,,938-IMG_1791.jpg938-IMG_1790.jpg,,
939,E16,B4?,Bowls,,B&W,Jingdezhen,Porcelain,Shards,83,,,2,,939-IMG_1793.jpg939-IMG_1792.jpg,,
940,D15,B002,Vase,,B&W,Jingdezhen,Porcelain,Base,102,Lotus panels,,1,Octagonal,940-IMG_1795.jpg940-IMG_1796.jpg940-IMG_1794.jpg,,
941,D15,B002,Vase,,B&W,Jingdezhen,Porcelain,Shard,34,Lotus panels with flaming pear,,1,,941-IMG_1798.jpg941-IMG_1797.jpg,,
942,D15,B002,Bowl,,B&W,Jingdezhen,Porcelain,Shard,36,Lotus panels,Ducks in lotus pond,1,,942-IMG_1799.jpg942-IMG_1800.jpg,,
943,E16,B2?,Bowls,,B&W,Jingdezhen,Porcelain,,33,,,2,,943-IMG_1802.jpg943-IMG_1801.jpg,,
944,E16,B2?,Vases,,B&W,Jingdezhen,Porcelain,Shards,172,Peony on guan lotus petals on dish,,5,,944-IMG_1803.jpg944-IMG_1804.jpg,,
945,D15,B003,Bowls,Medium,B&W,Jingdezhen,Porcelain,Bases,200,,Lotus,2,,945-IMG_1806.jpg945-IMG_1805.jpg,,
946,D15,B003,Vases,,B&W,Jingdezhen,Porcelain,Shards,38,Chrysanthemum panels and scroll,,2,One faceted,946-IMG_1810.jpg946-IMG_1811.jpg,,
947,D15,B003,Bowl,,B&W,Jingdezhen,Porcelain,Shard,20,Lotus panels,Lotus pond,1,,947-IMG_1812.jpg947-IMG_1813.jpg,,
948,E11,B045,Bowl,,B&W,Jingdezhen,Porcelain,Rim shard,64,Lotus panels lotus scroll,Ducks in lotus pond floral band,1,,948-IMG_1814.jpg948-IMG_1815.jpg,,✓
949,E11,B045,Bowl,,B&W,Jingdezhen,Porcelain,Shard,8,Lotus panels,Vajra,1,,949-IMG_1816.jpg949-IMG_1817.jpg,,
950,E11,B045,Vases,,B&W,Jingdezhen,Porcelain,Shards,35,,,3,,950-IMG_1818.jpg950-IMG_1819.jpg,,
951,E11,B045,Bowls,,B&W,Jingdezhen,Porcelain,Shards,29,,,4,,951-IMG_1820.jpg951-IMG_1821.jpg,,
953,D15,B003,Dish,,B&W,Jingdezhen,Porcelain,Base shard,61,,Dragon,1,,953-IMG_1825.jpg953-IMG_1824.jpg,,✓
954,D15,B003,Vase,,B&W,Jingdezhen,Porcelain,Shard,39,Floral,,1,,954-IMG_1826.jpg954-IMG_1827.jpg,,
955,D15,B003,Bowl,,B&W,Jingdezhen,Porcelain,Shard,3,,,1,,955-IMG_1829.jpg955-IMG_1828.jpg,,
956,D13,B014,Bowl,Medium,B&W,Jingdezhen,Porcelain,Base,156,,Ducks in lotus pond,1,,956-IMG_1830.jpg956-IMG_1831.jpg,,
957,D13,B014,Bowl,Medium,B&W,Jingdezhen,Porcelain,Base,226,Lotus panels plain band floral scroll,Lotus bouquet,1,,957-IMG_1832.jpg957-IMG_1833.jpg,,
958,E16,B004,Bowl,,B&W,Jingdezhen,Porcelain,Base,232,,Ducks in lotus pond,1,,958-IMG_1834.jpg958-IMG_1835.jpg,,
959,E16,B004,Bowl,,B&W,Jingdezhen,Porcelain,Shard,5,,,1,2 pcs,959-IMG_1837.jpg959-IMG_1836.jpg,,
960,E16,B004,Vases,,B&W,Jingdezhen,Porcelain,,189,Waves in ruyi lappet floral panels peony,,4,One faceted,960-IMG_1839.jpg960-IMG_1838.jpg,,
961,E16,B004,Guan?,,B&W,Jingdezhen,Porcelain,Shard,58,Leaves in reverse hatching lotus panels,,1,,961-IMG_1841.jpg961-IMG_1842.jpg,,✓
962,D13,B014,Vase,,B&W,Jingdezhen,Porcelain,Shard,14,Lotus panels,,1,,962-IMG_1844.jpg962-IMG_1843.jpg,,
963,D13,B014,Bowls,,B&W,Jingdezhen,Porcelain,Shards,26,,,7,,963-IMG_1845.jpg963-IMG_1846.jpg,,
964,E11,B038,Bowl,Medium,B&W,Jingdezhen,Porcelain,Base,187,Lotus panels,Lotus scroll,1,,964-IMG_1848.jpg964-IMG_1847.jpg,,
965,E11,B038,Bowl,Medium,B&W,Jingdezhen,Porcelain,Base,103,Lotus panels,Ducks in lotus pond,1,,965-IMG_1850.jpg965-IMG_1849.jpg,,
966,E11,B038,Bowls,Medium &  small,B&W,Jingdezhen,Porcelain,Bases,206,,Lotus bouquets,2,,966-IMG_1852.jpg966-IMG_1851.jpg,,
967,E21,B066,Bowl,Medium,B&W,Jingdezhen,Porcelain,Base,231,Lotus panels,Ducks in lotus pond,1,,967-IMG_1853.jpg967-IMG_1854.jpg,,
968,E21,B066,Bowl,Medium,B&W,Jingdezhen,Porcelain,Base,185,Lotus panels,Morning glory,1,,968-IMG_1856.jpg968-IMG_1855.jpg,,
969,C13,B009,Vase,,B&W,Jingdezhen,Porcelain,Shard,49,Lotus panels,,1,,969-IMG_1857.jpg969-IMG_1858.jpg,,
970,C13,B009,Bowl,,B&W,Jingdezhen,Porcelain,Shard,1,,,1,,970-IMG_1859.jpg970-IMG_1860.jpg,,
971,C14,B005,Vase,,B&W,Jingdezhen,Porcelain,,8,Lotus panels,,1,,971-IMG_1861.jpg971-IMG_1862.jpg,,
972,E11,B039,Bowl,Medium,B&W,Jingdezhen,Porcelain,Base,170,Lotus panels,Ducks in lotus pond,1,,972-IMG_1863.jpg972-IMG_1864.jpg,,
973,E11,B039,Bowls,Medium &  small,B&W,Jingdezhen,Porcelain,Bases,286,Lotus panels,Lotus bouquets,3,,973-IMG_1865.jpg973-IMG_1866.jpg,,
974,E11,B039,Bowl,Medium,B&W,Jingdezhen,Porcelain,Base,79,Lotus panels,Phoenix,1,Head,974-IMG_1868.jpg974-IMG_1867.jpg,,✓
975,E15,B046,Bowl,Medium,B&W,Jingdezhen,Porcelain,Base,261,Lotus panels lotus scroll,Ducks in lotus pond,1,,975-IMG_1869.jpg975-IMG_1870.jpg,,✓
976,E15,B046,Pouring vessel,,B&W,Jingdezhen,Porcelain,Spout and rim shard,22,Lotus panels,Floral scroll,1,,976-IMG_1871.jpg976-IMG_1872.jpg,,✓
977,E15,B046,Bowls,,B&W,Jingdezhen,Porcelain,Shards,80,,,3,,977-IMG_1874.jpg977-IMG_1873.jpg,,
978,E15,B046,Vases,,B&W,Jingdezhen,Porcelain,Shards,31,,,3,,978-IMG_1875.jpg978-IMG_1876.jpg,,
979,C11,B034,Bowl,Medium,B&W,Jingdezhen,Porcelain,Half intact,396,lotus panels,Lotus bouquets inverted,1,,979-IMG_1878.jpg979-IMG_1877.jpg,,✓
980,E11,B039,Bowl,,B&W,Jingdezhen,Porcelain,Shard,1,,,1,,980-IMG_1881.jpg,,
981,E11,B039,Bowls,,B&W,Jingdezhen,Porcelain,Shards,133,,,8,,981-IMG_1882.jpg981-IMG_1883.jpg,,
982,D14,B008,Bowl,Medium,B&W,Jingdezhen,Porcelain,Base,141,Lotus panels,Lotus,1,,982-IMG_1885.jpg982-IMG_1884.jpg,,
983,D14,B008,Bowl,,B&W,Jingdezhen,Porcelain,Base,138,Lotus panels,Peony,1,,983-IMG_1887.jpg983-IMG_1886.jpg,,
984,D14,B008,Bowls,,B&W,Jingdezhen,Porcelain,Shards,24,,Chrysanthemum,3,,984-IMG_1888.jpg984-IMG_1889.jpg,,
985,D14,B008,Vases,,B&W,Jingdezhen,Porcelain,Shards,21,,,3,,985-IMG_1890.jpg985-IMG_1891.jpg,,
989,E11,B042,Vase?,,B&W,Jingdezhen,Porcelain,Shard,69,,Dragon head,1,Eroded,989-IMG_1899.jpg989-IMG_1898.jpg,,✓
990,E11,B042,Bowl,,B&W,Jingdezhen,Porcelain,Base,281,Lotus panels,Ducks in lotus pond,1,,990-IMG_1900.jpg990-IMG_1901.jpg,,
993,E13,B015,Bowl,Medium,B&W,Jingdezhen,Porcelain,Base shard,97,Lotus panels,Ducks in lotus pond,1,,993-IMG_1908.jpg993-IMG_1907.jpg,,
994,E13,B015,Dish,,B&W,Jingdezhen,Porcelain,Base shard,80,Lotus panels,Ducks in lotus pond,1,,994-IMG_1910.jpg994-IMG_1909.jpg,,
995,E13,B015,Bowls,,B&W,Jingdezhen,Porcelain,Shards,24,,,4,,995-IMG_1911.jpg995-IMG_1912.jpg,,
999,E11,B042,Vases,,B&W,Jingdezhen,Porcelain,Shards,43,Waves dragon claw,,3,,999-IMG_1920.jpg999-IMG_1919.jpg,,
1000,E11,B042,Bowls,,B&W,Jingdezhen,Porcelain,Shards,7,,,2,,1000-IMG_1921.jpg1000-IMG_1922.jpg,,
1001,E11,B042,Bowl,Large?,B&W,Jingdezhen,Porcelain,Shard,149,Lotus panels lotus scroll,Peony?,1,,1001-IMG_1923.jpg1001-IMG_1924.jpg,,
1002,E15,B046,Guan,,B&W,Jingdezhen,Porcelain,Shard,826,,Melons and vines,1,Luted to base,1002-IMG_1926.jpg1002-IMG_1925.jpg,,✓
1003,E15,B046,Bowl,Large,B&W,Jingdezhen,Porcelain,Base,318,Lotus panels,Ducks in lotus pond,1,,1003-IMG_1928.jpg1003-IMG_1927.jpg,,
1004,E15,B046,Bowls,Small,B&W,Jingdezhen,Porcelain,Bases,113,,Lotus bouquets,2,Shufu shape?,1004-IMG_1930.jpg1004-IMG_1929.jpg,,
1005,E15,B046,Bowls,Medium & small,B&W,Jingdezhen,Porcelain,Bases,922,Lotus panels,Ducks in lotus pond,5,,1005-IMG_1932.jpg1005-IMG_1931.jpg,,
1006,E11,B045,Bowls,,B&W,Jingdezhen,Porcelain,Shards,23,,,2,,1006-IMG_1934.jpg1006-IMG_1933.jpg,,
1007,E11,B045,Vase,,B&W,Jingdezhen,Porcelain,Shard,7,Floral,,1,,1007-IMG_1935.jpg1007-IMG_1936.jpg,,
1008,E13,B015,Bowl,Medium,B&W,Jingdezhen,Porcelain,Base,285,Lotus panels,Ducks in lotus pond,1,,1008-IMG_1938.jpg1008-IMG_1937.jpg,,
1009,E13,B015,Vase,,B&W,Jingdezhen,Porcelain,Shard,39,Dragon,,1,Carved decoration,1009-IMG_1939.jpg1009-IMG_1940.jpg,,✓
1010,E13,B015,Vase,,B&W,Jingdezhen,Porcelain,Shard,30,Lotus panels scroll,,1,,1010-IMG_1941.jpg1010-IMG_1942.jpg,,
1011,E13,B015,Bowls,,B&W,Jingdezhen,Porcelain,Shards,11,,,2,1 in 2 pcs,1011-IMG_1943.jpg1011-IMG_1944.jpg,,
1013,E11,B039,Jarlet?,,B&W,Jingdezhen,Porcelain,Base,43,Lotus panels,,1,Flat base,1013-IMG_1948.jpg1013-IMG_1947.jpg,,✓
1014,E11,B039,Bowls,,B&W,Jingdezhen,Porcelain,Shards,52,,,2,,1014-IMG_1949.jpg1014-IMG_1950.jpg,,
1015,E11,B039,Vase,,B&W,Jingdezhen,Porcelain,Shard,79,,Phoenix?,1,,1015-IMG_1951.jpg1015-IMG_1952.jpg,,
1016,E11,B039,Vase,,B&W,Jingdezhen,Porcelain,Shard,6,,,1,,1016-IMG_1954.jpg1016-IMG_1953.jpg,,
1017,E15,B046,Jarlet?,,B&W,Jingdezhen,Porcelain,Base,53,Lotus panels,,1,Flat base,1017-IMG_1956.jpg1017-IMG_1955.jpg,,✓
1018,E15,B046,Bowl,,B&W,Jingdezhen,Porcelain,Rim shard,10,Lotus scroll?,Scroll,1,,1018-IMG_1958.jpg1018-IMG_1957.jpg,,
1019,E15,B046,Bowls,Medium,B&W,Jingdezhen,Porcelain,Bases,283,,Ducks in lotus pond,2,,1019-IMG_1959.jpg1019-IMG_1960.jpg,,
1020,F16,B067,Guan,,B&W,Jingdezhen,Porcelain,Shard,250,Peony,,1,Eroded,1020-IMG_1962.jpg1020-IMG_1961.jpg,,
1021,F16,B067,Bowls,Medium,B&W,Jingdezhen,Porcelain,Bases,349,Lotus panels,Ducks in lotus pond,2,,1021-IMG_1964.jpg1021-IMG_1963.jpg,,
1022,F16,B067,Vase,,B&W,Jingdezhen,Porcelain,Shard,20,Lotus petals,,1,Eroded,1022-IMG_1965.jpg1022-IMG_1966.jpg,,
1023,F16,B067,Vase,,B&W,Jingdezhen,Porcelain,Shard,7,Applique fish,,1,,1023-IMG_1967.jpg1023-IMG_1968.jpg,,✓
1024,F16,B067,Vases,,B&W,Jingdezhen,Porcelain,Shards,30,,,7,,1024-IMG_1969.jpg1024-IMG_1970.jpg,,
1025,F16,B067,Bowls,,B&W,Jingdezhen,Porcelain,Shards,74,,,15,,1025-IMG_1971.jpg1025-IMG_1972.jpg,,
1027,D13,B014,Guan?,,B&W,Jingdezhen,Porcelain,Shard,48,,,1,Eroded,1027-IMG_1976.jpg1027-IMG_1975.jpg,,
1028,E11,B038,Guan,,B&W,Jingdezhen,Porcelain,Shard,112,Peony,,1,,1028-IMG_1977.jpg1028-IMG_1978.jpg,,
1029,E11,B038,Bowl,,B&W,Jingdezhen,Porcelain,Shard,25,Lotus panels,,1,,1029-IMG_1979.jpg1029-IMG_1980.jpg,,
1030,E11,B038,Vase,,B&W,Jingdezhen,Porcelain,Shard,13,Lotus,,1,,1030-IMG_1982.jpg1030-IMG_1981.jpg,,
1031,E11,B038,Vase,,B&W,Jingdezhen,Porcelain,Shard,13,Frett work,,1,,1031-IMG_1984.jpg1031-IMG_1983.jpg,,
1032,E23,B066,Bowl,Medium,B&W,Jingdezhen,Porcelain,Base,306,Lotus panels,Ducks in lotus pond,1,,1032-IMG_1985.jpg1032-IMG_1986.jpg,,
1033,E11,B038,Bowl,Medium,B&W qingbai,Jingdezhen,Porcelain,Base,252,Lotus panels,Dragon moulded qingbai,1,Anhua,1033-IMG_1988.jpg1033-IMG_1991.jpg,,✓
1034,E11,B038,Ewer,Medium,B&W,Jingdezhen,Porcelain,Shard,24,Crysanthemum panels,,1,Spout luted,1034-IMG_1994.jpg1034-IMG_1993.jpg,,✓
1035,E11,B038,Vase,,B&W,Jingdezhen,Porcelain,Shard,9,,,1,,1035-IMG_1995.jpg1035-IMG_1996.jpg,,
1036,E11,B038,Bowls,,B&W,Jingdezhen,Porcelain,Shards,9,,,5,,1036-IMG_1998.jpg1036-IMG_1997.jpg,,
1037,F15,B067,Bowl,Medium,B&W,Jingdezhen,Porcelain,Shard,24,Lotus panels,,1,,1037-IMG_1999.jpg1037-IMG_2000.jpg,,
1038,F15,B067,Vase?,Large,B&W,Jingdezhen,Porcelain,Shard,33,Lotus,,1,Fluted,1038-IMG_2002.jpg1038-IMG_2001.jpg,,✓
1039,F15,B067,Vase,,B&W,Jingdezhen,Porcelain,Shard,6,,,1,Applique handle,1039-IMG_2004.jpg1039-IMG_2005.jpg,,✓
1040,F15,B067,Vases,,B&W,Jingdezhen,Porcelain,Shards,57,,,4,,1040-IMG_2006.jpg1040-IMG_2007.jpg,,
1041,E11,B044,Bowl,Medium,B&W,Jingdezhen,Porcelain,Base,167,Lotus panels,Ducks in lotus pond,1,,1041-IMG_2008.jpg1041-IMG_2009.jpg,,
1042,E11,B044,Ewer,,B&W,Jingdezhen,Porcelain,Handle shard,6,Peacock feathers?,,1,,1042-IMG_2011.jpg1042-IMG_2010.jpg,,✓
1043,E11,B044,Vases,,B&W,Jingdezhen,Porcelain,Shards,18,Lotus,,2,,1043-IMG_2013.jpg1043-IMG_2012.jpg,,
1044,E11,B044,Bowls,,B&W,Jingdezhen,Porcelain,Shards,32,,,3,,1044-IMG_2015.jpg1044-IMG_2014.jpg,,
1047,E15,B047,Vase?,,B&W,Jingdezhen,Porcelain,Shard,48,Lotus,,1,,1047-IMG_2021.jpg1047-IMG_2020.jpg,,
1051,E11,B044,Bowls,,B&W,Jingdezhen,Porcelain,Shards,178,,,7,2 vase shards,1051-IMG_2032.jpg1051-IMG_2033.jpg,,
1052,E20,B111,Bottle?,,B&W,Jingdezhen,Porcelain,Shard,37,Chrysanthemum scroll,,1,Luting for cylindrical neck?,1052-IMG_2048.jpg1052-IMG_2047.jpg,,✓
1053,E20,B111,Bowl,Small,B&W,Jingdezhen,Porcelain,Base,58,,Lotus,1,,1053-IMG_2050.jpg1053-IMG_2049.jpg,,
1054,E20,B111,Bowl,,B&W,Jingdezhen,Porcelain,Shard,13,Lotus panels,,1,,1054-IMG_2051.jpg1054-IMG_2052.jpg,,
1055,E20,B111,Vase,,B&W,Jingdezhen,Porcelain,Shard,10,Lotus panels,,1,,1055-IMG_2054.jpg1055-IMG_2053.jpg,,
1056,E20,B117,Bowls,Medium,B&W,Jingdezhen,Porcelain,Bases,477,Lotus panels,Ducks in lotus pond,2,,1056-IMG_2055.jpg1056-IMG_2056.jpg,,
1058,E20,B117,Vase,,B&W,Jingdezhen,Porcelain,Base,85,Lotus petals lotus panels,,1,High foot,1058-IMG_2061.jpg1058-IMG_2059.jpg1058-IMG_2060.jpg,,✓
1059,E20,B117,Guan?,,B&W,Jingdezhen,Porcelain,Shard,113,Vines,,1,,1059-IMG_2062.jpg1059-IMG_2063.jpg,,
1060,E20,B117,Bowl,Medium,B&W,Jingdezhen,Porcelain,Base,94,,Lotus bouquet,1,,1060-IMG_2065.jpg1060-IMG_2064.jpg,,
1061,E20,B117,Bowls,,B&W,Jingdezhen,Porcelain,Shards,32,,,7,2 vase shards,1061-IMG_2066.jpg1061-IMG_2067.jpg,,
1062,E20,B117,Bowl,Medium,B&W,Jingdezhen,Porcelain,Rim shard,34,Lotus lotus panels,Chrysanthemum scroll,1,Everted rim,1062-IMG_2069.jpg1062-IMG_2068.jpg,,
1063,E20,B117,Vase,Medium,B&W,Jingdezhen,Porcelain,Shard,28,Bird and cloud? scroll lotus panels,,1,Faceted luted,1063-IMG_2070.jpg1063-IMG_2071.jpg,,✓
1064,E20,B117,Vase,,B&W,Jingdezhen,Porcelain,Shard,34,Pine tree lotus petals,,1,,1064-IMG_2072.jpg1064-IMG_2073.jpg,,✓
1065,E20,B116,Bowl,Medium,B&W,Jingdezhen,Porcelain,Base shard,269,Lotus panels,Ducks in lotus pond,1,,1065-IMG_2075.jpg1065-IMG_2074.jpg,,✓
1066,E20,B116,Bowls,Medium,B&W,Jingdezhen,Porcelain,Bases,569,Lotus panels,Lotus bouquets,4,,1066-IMG_2078.jpg1066-IMG_2077.jpg,,
1067,E20,B116,Bowls,Medium,B&W,Jingdezhen,Porcelain,Bases,280,Lotus panels,Ducks in lotus pond,2,,1067-IMG_2080.jpg1067-IMG_2079.jpg,,
1068,E20,B116,Guan?,,B&W,Jingdezhen,Porcelain,Shard,70,Floral,,1,,1068-IMG_2081.jpg1068-IMG_2082.jpg,,
1069,E20,B116,Bowls,,B&W,Jingdezhen,Porcelain,Shards,90,Lotus lotus panels,Scrolls,6,1 faceted rim shard,1069-IMG_2083.jpg1069-IMG_2084.jpg,,
1070,E20,B116,Vases,,B&W,Jingdezhen,Porcelain,Shards,67,Lotus pond,,3,,1070-IMG_2085.jpg1070-IMG_2086.jpg,,
1071,E20,B116,Cover,,B&W,Jingdezhen,Porcelain,Knob,15,Frett work,,1,,1071-IMG_2089.jpg1071-IMG_2088.jpg1071-IMG_2087.jpg,,✓
1072,E20,B116,Jarlet,,B&W,Jingdezhen,Porcelain,Shard,21,Floral,,1,Beaded ribs luted,1072-IMG_2091.jpg1072-IMG_2090.jpg,,✓
1074,E22,B131,Bowl,Medium,B&W,Jingdezhen,Porcelain,Base,213,Lotus panels,Ducks in lotus pond,1,,1074-IMG_2096.jpg1074-IMG_2095.jpg,,
1075,E22,B131,Bowl,Medium,B&W,Jingdezhen,Porcelain,Shard,71,Lotus panels lotus scroll,Lotus berries,1,,1075-IMG_2097.jpg1075-IMG_2098.jpg,,
1076,E22,B131,Guan?,,B&W,Jingdezhen,Porcelain,Shard,35,Peony,,1,,1076-IMG_2100.jpg1076-IMG_2099.jpg,,
1077,E22,B131,Bowl,Small,B&W,Jingdezhen,Porcelain,Base,56,,Ducks in lotus pond,1,,1077-IMG_2101.jpg1077-IMG_2102.jpg,,
1078,E22,B131,Dish,Small,B&W,Jingdezhen,Porcelain,Rim shard,13,,Lotus scroll,1,Foliated rim,1078-IMG_2103.jpg1078-IMG_2104.jpg,,✓
1079,E22,B131,Ewer,,B&W,Jingdezhen,Porcelain,Handle,7,Scroll,,1,,1079-IMG_2106.jpg1079-IMG_2105.jpg,,
1080,E22,B131,Vase,,B&W,Jingdezhen,Porcelain,Shard,29,Lotus,,1,,1080-IMG_2108.jpg1080-IMG_2107.jpg,,
1081,E22,B131,Bowls,,B&W,Jingdezhen,Porcelain,Shards,25,,,6,,1081-IMG_2110.jpg1081-IMG_2109.jpg,,
1082,E22,B131,Vases,,B&W,Jingdezhen,Porcelain,Shards,8,Bird?,,2,,1082-IMG_2112.jpg1082-IMG_2111.jpg,,
1083,F18,B135,Bowl,Medium,B&W,Jingdezhen,Porcelain,Base,244,Lotus panels,Lotus,1,,1083-IMG_2114.jpg1083-IMG_2113.jpg,,
1084,F18,B135,Bowl,Small,B&W,Jingdezhen,Porcelain,Bases,133,,Lotus bouquet,2,,1084-IMG_2116.jpg1084-IMG_2115.jpg,,
1085,F18,B135,Bowls,,B&W,Jingdezhen,Porcelain,Shards,56,,,7,,1085-IMG_2117.jpg1085-IMG_2118.jpg,,
1086,F18,B135,Bowls,Medium,B&W,Jingdezhen,Porcelain,Bases,313,Lotus panels,Ducks in lotus pond,2,,1086-IMG_2120.jpg1086-IMG_2122.jpg,,
1087,F18,B135,Vase?,,B&W,Jingdezhen,Porcelain,Neck shard,21,Lotus panels scroll,,1,Cylindrical,1087-IMG_2127.jpg1087-IMG_2124.jpg1087-IMG_2125.jpg,,✓
1088,F18,B135,Bowl,Medium,B&W,Jingdezhen,Porcelain,Base,124,,Dragon,1,,1088-IMG_2128.jpg1088-IMG_2130.jpg,,✓
1090,F18,B135,Vase,,B&W,Jingdezhen,Porcelain,Shard,19,,,1,B&W and incised dec. Anhua,1090-IMG_2142.jpg1090-IMG_2141.jpg,,✓
1092,F18,B135,Vase,,B&W,Jingdezhen,Porcelain,Shard,34,Lotus panels scroll,,1,,1092-IMG_2149.jpg1092-IMG_2148.jpg,,
1093,F18,B135,Stem cup?,Small,B&W,Jingdezhen,Porcelain,Shard,12,,Dragon,1,,1093-IMG_2150.jpg1093-IMG_2152.jpg,,✓
1094,E23,B142,Bowl,Medium,B&W,Jingdezhen,Porcelain,Base,232,Lotus panels,Ducks in lotus pond,1,,1094-IMG_2159.jpg1094-IMG_2153.jpg,,
1095,E23,B142,Bowl,Medium,B&W,Jingdezhen,Porcelain,Base,134,,Ducks in lotus pond,1,,1095-IMG_2161.jpg1095-IMG_2162.jpg,,
1096,E23,B142,Vase?,,B&W,Jingdezhen,Porcelain,Shoulder shard,120,Phoenix lotus panels,,1,Tiered shoulder,1096-IMG_2168.jpg1096-IMG_2164.jpg,,✓
1098,E22,B129,Bowl,,B&W,Jingdezhen,Porcelain,Shard,19,Lotus panels scroll,Floral moulded qingbai,1,B&W and moulded qingbai,1098-IMG_2186.jpg1098-IMG_2181.jpg,,✓
1099,E22,B129,Bowl,Medium,B&W,Jingdezhen,Porcelain,Base,172,Lotus panels,Ducks in lotus pond,1,Footrim missing,1099-IMG_2190.jpg1099-IMG_2193.jpg,,
1100,E22,B129,Bowl,Medium,B&W,Jingdezhen,Porcelain,Base,132,Lotus panels,Morning glory?,1,,1100-IMG_2201.jpg1100-IMG_2198.jpg,,✓
1102,E22,B129,Bowls,,B&W,Jingdezhen,Porcelain,Shards,74,,,4,,1102-IMG_2210.jpg1102-IMG_2209.jpg,,
1103,E22,B129,Vases,,B&W,Jingdezhen,Porcelain,Shards,25,,,2,,1103-IMG_2216.jpg1103-IMG_2217.jpg,,
1107,E22,B131,Guan?,,B&W,Jingdezhen,Porcelain,Base shard,198,Lotus panels,,1,,1107-IMG_2239.jpg1107-IMG_2240.jpg1107-IMG_2237.jpg1107-IMG_2235.jpg,,
1108,E23,B142,Guan,,B&W,Jingdezhen,Porcelain,Base,1072,,,1,Octagonal luted,1108-IMG_2249.jpg1108-IMG_2243.jpg1108-IMG_2244.jpg,,✓
1110,F19,B134,Bowl,Small,B&W,Jingdezhen,Porcelain,Base,73,Lotus panels,Lotus bouquet,1,,1110-IMG_2254.jpg1110-IMG_2253.jpg,,
1111,F19,B134,Bowl,Medium,B&W,Jingdezhen,Porcelain,Base,182,Lotus panels,Ducks in lotus pond,1,,1111-IMG_2256.jpg1111-IMG_2255.jpg,,
1112,F19,B134,Dish,Medium,B&W,Jingdezhen,Porcelain,Shard,97,Lotus panels,Lotus pond?,1,Eroded,1112-IMG_2258.jpg1112-IMG_2257.jpg,,
1113,F19,B134,Bowl?,,B&W,Jingdezhen,Porcelain,Shard,13,Wheel in lotus panel,,1,,1113-IMG_2259.jpg1113-IMG_2260.jpg,,✓
1114,F19,B134,Bowls,,B&W,Jingdezhen,Porcelain,Shards,101,,,6,,1114-IMG_2262.jpg1114-IMG_2261.jpg,,
1115,F22,B142,Bowl,Medium,B&W,Jingdezhen,Porcelain,Base,169,Lotus panels,Morning glory,1,,1115-IMG_2263.jpg1115-IMG_2264.jpg,,✓
1116,F22,B142,Bowl,Small,B&W,Jingdezhen,Porcelain,Base,44,,Fungus?,1,,1116-IMG_2265.jpg1116-IMG_2266.jpg,,
1117,F22,B142,Vases,,B&W,Jingdezhen,Porcelain,Shards,15,,,2,Cylindrical neck,1117-IMG_2268.jpg1117-IMG_2267.jpg,,
1118,F22,B142,Vase,,B&W,Jingdezhen,Porcelain,Shard,10,Berries?,,1,,1118-IMG_2269.jpg1118-IMG_2270.jpg,,
1119,F22,B142,Guan?,,B&W,Jingdezhen,Porcelain,Shard,17,Leaves,,1,Eroded,1119-IMG_2271.jpg1119-IMG_2272.jpg,,
1120,F22,B142,Bowls,,B&W,Jingdezhen,Porcelain,Shards,17,,,6,,1120-IMG_2273.jpg1120-IMG_2274.jpg,,
1121,E19,B110,Bowl,Medium,B&W,Jingdezhen,Porcelain,Base,190,Lotus panels,Lotus,1,,1121-IMG_2275.jpg1121-IMG_2276.jpg,,
1122,E19,B110,Vase,,B&W,Jingdezhen,Porcelain,Shard,30,Lotus panels,,1,,1122-IMG_2278.jpg1122-IMG_2277.jpg,,
1123,E19,B110,Bowl,,B&W,Jingdezhen,Porcelain,Shards,31,Lotus panels lotus scroll,Scroll,1,,1123-IMG_2279.jpg1123-IMG_2280.jpg,,
1124,E19,B110,Vase,,B&W,Jingdezhen,Porcelain,Shard,16,Lotus pond lotus panels,,1,,1124-IMG_2282.jpg1124-IMG_2281.jpg,,
1127,E22,B128,Vases,,B&W,Jingdezhen,Porcelain,Shards,37,,,4,Dragon phoenix,1127-IMG_2291.jpg1127-IMG_2290.jpg,,
1128,E22,B128,Bowls,,B&W,Jingdezhen,Porcelain,Shards,14,,,2,,1128-IMG_2292.jpg1128-IMG_2294.jpg,,
1129,E22,B130,Vase,,R&W,Jingdezhen,Porcelain,Shard,13,,,1,,1129-IMG_2295.jpg1129-IMG_2297.jpg,,✓
1130,E22,B130,Vases,,B&W,Jingdezhen,Porcelain,Shards,9,,,2,,1130-IMG_2301.jpg1130-IMG_2300.jpg,,
1131,E22,B130,Bowl,Medium,B&W,Jingdezhen,Porcelain,Base,214,Lotus panels,Lotus,1,,1131-IMG_2302.jpg1131-IMG_2306.jpg,,✓
1132,F18,B135,Vase,,B&W,Jingdezhen,Porcelain,Shard,16,Tree?,,1,Faceted,1132-IMG_2313.jpg1132-IMG_2309.jpg,,✓
1133,F18,B135,Bowls,,B&W,Jingdezhen,Porcelain,Shards,26,,,1,,1133-IMG_2318.jpg1133-IMG_2320.jpg,,
1134,F18,B135,Vases,,B&W,Jingdezhen,Porcelain,Shards,14,,,3,,1134-IMG_2321.jpg1134-IMG_2324.jpg,,
1135,E19,B110,Vases,,B&W,Jingdezhen,Porcelain,Shards,19,,,2,,1135-IMG_2325.jpg1135-IMG_2326.jpg,,
1136,E19,B110,Bowls,,B&W,Jingdezhen,Porcelain,Shards,8,,,2,Foliated rim,1136-IMG_2327.jpg1136-IMG_2328.jpg,,
1137,F18,B135,Bowl,,B&W,Jingdezhen,Porcelain,Shard,18,Lotus panels,,1,Eroded,1137-IMG_2329.jpg1137-IMG_2330.jpg,,
1140,E20,B116,Bowl,Large,B&W,Jingdezhen,Porcelain,Base,434,Lotus panels,Ducks in lotus pond,1,,1140-IMG_2348.jpg1140-IMG_2351.jpg,,
1141,E20,B117,Guan?,,B&W,Jingdezhen,Porcelain,Shard,37,Panels,,1,Lobed,1141-IMG_2355.jpg1141-IMG_2356.jpg,,✓
1142,E20,B117,Guan?,,B&W,Jingdezhen,Porcelain,Shard,29,Peony?,,1,,1142-IMG_2358.jpg1142-IMG_2357.jpg,,
1143,E20,B117,Bowl & dish,,B&W,Jingdezhen,Porcelain,Shards,62,,,2,,1143-IMG_2360.jpg1143-IMG_2359.jpg,,
1144,E22,B130,Jarlet,,B&W,Jingdezhen,Porcelain,Shard,15,Floral,,1,Beaded ribs,1144-IMG_2362.jpg1144-IMG_2363.jpg,,
1145,E22,B130,Vases,,B&W,Jingdezhen,Porcelain,Shards,69,Lotus panels,,3,,1145-IMG_2369.jpg1145-IMG_2367.jpg,,
1146,E22,B130,Bowls,,B&W,Jingdezhen,Porcelain,Shards,47,,,3,,1146-IMG_2370.jpg1146-IMG_2371.jpg,,
1147,E22,B130,Bowl,Medium,B&W,Jingdezhen,Porcelain,Base,149,Lotus panels,Ducks in lotus pond,1,,1147-IMG_2373.jpg1147-IMG_2375.jpg,,
1148,F19,B137,Vases,,B&W,Jingdezhen,Porcelain,Shards,21,,,4,,1148-IMG_2383.jpg1148-IMG_2381.jpg,,
1149,F19,B137,Bowls,,B&W,Jingdezhen,Porcelain,Shards,66,,,3,,1149-IMG_2386.jpg1149-IMG_2384.jpg,,
1150,F19,B137,Vase,,B&W,Jingdezhen,Porcelain,Base,276,Flaming pearls in lotus panels,,1,,1150-IMG_2388.jpg1150-IMG_2389.jpg1150-IMG_2387.jpg,,✓
1151,F19,B137,Bowl,Medium,B&W,Jingdezhen,Porcelain,Base,278,Lotus panels,Morning glory peony,1,,1151-IMG_2391.jpg1151-IMG_2393.jpg,,
1152,F19,B137,Bowl,Medium,B&W,Jingdezhen,Porcelain,Base,154,Lotus panels,Lotus pond,1,,1152-IMG_2397.jpg1152-IMG_2398.jpg,,
1153,F19,B137,Vase,,B&W,Jingdezhen,Porcelain,Neck mouth shard,20,Lotus,,1,Flared rim glazed interior,1153-IMG_2402.jpg1153-IMG_2400.jpg,,✓
1154,F19,B137,Cup,Small,B&W,Jingdezhen,Porcelain,Base,22,,Chrysanthemum,1,,1154-IMG_2411.jpg1154-IMG_2410.jpg,,
1155,F19,B137,Vase,,B&W,Jingdezhen,Porcelain,Neck shard,14,Frett work,,1,Cylindrical,1155-IMG_2413.jpg1155-IMG_2414.jpg1155-IMG_2412.jpg,,
1156,E22,B128,Bowl,Small,B&W,Jingdezhen,Porcelain,Base,92,Lotus panels,Lotus bouquet,1,,1156-IMG_2416.jpg1156-IMG_2415.jpg,,
1157,E22,B128,Bowl,Medium,B&W,Jingdezhen,Porcelain,Base shard,139,Lotus panels,Ducks in lotus pond,1,,1157-IMG_2418.jpg1157-IMG_2417.jpg,,
1158,E22,B131,Stem bowl?,Small,B&W,Jingdezhen,Porcelain,Shard,67,Lotus panels with symbols,,1,,1158-IMG_2419.jpg1158-IMG_2420.jpg,,
1159,E22,B131,Bowl,Small,B&W,Jingdezhen,Porcelain,Shard,10,Lotus scroll,Scroll,1,,1159-IMG_2421.jpg1159-IMG_2422.jpg,,
1160,E21,B122,Bowl,Medium,B&W,Jingdezhen,Porcelain,Base,260,Lotus panels,Ducks in lotus pond,1,Coral encrusted base,1160-IMG_2425.jpg1160-IMG_2424.jpg,,
1161,F21,B141,Bowl,Medium,B&W,Jingdezhen,Porcelain,Base,224,Lotus Panels,Herons in lotus pond,1,Flying heron,1161-IMG_2426.jpg1161-IMG_2427.jpg,,✓
1162,E20,B117,Bowl,Small,B&W,Jingdezhen,Porcelain,Base,95,,Lotus bouquet,1,,1162-IMG_2429.jpg1162-IMG_2428.jpg,,
1163,E18,B098,Bowl,Medium,B&W,Jingdezhen,Porcelain,Base,130,Lotus panels,Chrysanthemum,1,,1163-IMG_2430.jpg1163-IMG_2431.jpg,,
1164,E18,B098,Bowl,Medium,B&W,Jingdezhen,Porcelain,Base,151,,Morning glory peony,1,,1164-IMG_2433.jpg1164-IMG_2432.jpg,,
1165,E18,B098,Bowl,Medium,B&W,Jingdezhen,Porcelain,Base,189,Lotus petals,Ducks in lotus pond,1,,1165-IMG_2435.jpg1165-IMG_2434.jpg,,
1166,E18,B098,Flask,,B&W,Jingdezhen,Porcelain,Shard,104,Lotus,,1,Cobalt diffused,1166-IMG_2436.jpg1166-IMG_2437.jpg,,✓
1167,F19,B134,Bowl,Medium,B&W,Jingdezhen,Porcelain,Shard,29,Lotus panels,Lotus pond,1,,1167-IMG_2440.jpg1167-IMG_2439.jpg,,
1168,F18,B135,Vase,,B&W,Jingdezhen,Porcelain,Shard,46,Floral,,1,,1168-IMG_2441.jpg1168-IMG_2442.jpg,,
1169,E20,B112,Vase,,B&W,Jingdezhen,Porcelain,Shard,11,Lotus panels scroll,,1,,1169-IMG_2443.jpg1169-IMG_2444.jpg,,
1170,E22,B131,Guan?,Large,B&W,Jingdezhen,Porcelain,Shard,77,Lotus panels,,1,Internal glaze,1170-IMG_2445.jpg1170-IMG_2446.jpg,,✓
1171,E22,B129,Flask,,B&W,Jingdezhen,Porcelain,Shard,42,Waves,,1,Cobalt diffused,1171-IMG_2448.jpg1171-IMG_2447.jpg,,
1172,E22,B129,Dish,Medium,B&W,Jingdezhen,Porcelain,Base shard,114,,Chrysanthemum scroll,1,,1172-IMG_2450.jpg1172-IMG_2449.jpg,,
1173,E22,B129,Vase,,B&W,Jingdezhen,Porcelain,Shard,11,Lotus panels,,1,,1173-IMG_2451.jpg1173-IMG_2452.jpg,,
1174,E22,B129,Bowl,Small,B&W,Jingdezhen,Porcelain,Shard,6,Chrysanthemum,Lotus,1,Shufu shape,1174-IMG_2453.jpg1174-IMG_2454.jpg,,
1175,F21,B141,Bowl,Medium,B&W,Jingdezhen,Porcelain,Rim shard,39,Lotus panels morning glory scroll frett work,Waves band scroll,1,,1175-IMG_2455.jpg1175-IMG_2456.jpg,,✓
1176,F21,B141,Ewer,,B&W,Jingdezhen,Porcelain,Neck shard,45,Lotus panel blank panel,,1,Octagonal luted handle broken off,1176-IMG_2459.jpg1176-IMG_2458.jpg1176-IMG_2457.jpg1176-IMG_2460.jpg,,✓
1177,F21,B141,Flask,,B&W,Jingdezhen,Porcelain,Shard,234,Lotus applique scroll on shoulder,,1,Cobalt diffused,1177-IMG_2463.jpg1177-IMG_2464.jpg1177-IMG_2465.jpg1177-IMG_2461.jpg,,✓
1179,E21,B121,Stem cup,,B&W,Jingdezhen,Porcelain,Base with stem,88,,Lotus bouquet,1,Ribbed stem,1179-IMG_2471.jpg1179-IMG_2470.jpg1179-IMG_2472.jpg,,✓
1180,E21,B121,Bowl,Medium,B&W,Jingdezhen,Porcelain,Base,109,,Ducks in lotus pond,1,,1180-IMG_2473.jpg1180-IMG_2474.jpg,,
1181,E21,B121,Ewer,,B&W,Jingdezhen,Porcelain,Spout shard,22,Scroll,,1,Double spout,1181-IMG_2477.jpg1181-IMG_2479.jpg1181-IMG_2480.jpg1181-IMG_2478.jpg1181-IMG_2476.jpg,,✓
1182,E21,B121,Vase,,B&W,Jingdezhen,Porcelain,Shards,19,Peony?,,2,,1182-IMG_2482.jpg1182-IMG_2481.jpg,,
1183,E21,B121,Vase,,B&W,Jingdezhen,Porcelain,Shard,2,Dragon beard?,,1,Glazed both sides thin,1183-IMG_2483.jpg1183-IMG_2484.jpg,,✓
1184,E21,B121,Bowl,,B&W,Jingdezhen,Porcelain,Shard,3,Lotus,,1,Thin,1184-IMG_2486.jpg1184-IMG_2485.jpg,,
1185,F19,B137,Bowl,Medium,B&W,Jingdezhen,Porcelain,Base,148,Lotus panels,Ducks in lotus pond,1,,1185-IMG_2488.jpg1185-IMG_2487.jpg,,
1186,F19,B137,Bowl,Medium,B&W,Jingdezhen,Porcelain,,314,Lotus panels,Lotus bouquet floral scroll,1,,1186-IMG_2489.jpg1186-IMG_2490.jpg,,
1187,F19,B137,Jarlet?,,B&W,Jingdezhen,Porcelain,Base shard,21,Lotus panels,,1,Flat base,1187-IMG_2493.jpg1187-IMG_2492.jpg,,✓
1188,F19,B137,Bowl,,B&W,Jingdezhen,Porcelain,Shard,9,,Ducks in lotus pond?,1,,1188-IMG_2494.jpg1188-IMG_2495.jpg,,
1189,E17,B096,Flask,,B&W,Jingdezhen,Porcelain,Shard,191,Waves lotus,,1,Cobalt diffused,1189-IMG_2496.jpg1189-IMG_2498.jpg1189-IMG_2497.jpg,,✓
1190,E17,B096,Vase,,B&W,Jingdezhen,Porcelain,Shard,13,Waves lotus reverse decorated,,1,,1190-IMG_2499.jpg1190-IMG_2500.jpg,,
1191,E17,B096,Bowl,,B&W,Jingdezhen,Porcelain,Shard,16,Lotus panels,Lotus pond?,1,,1191-IMG_2501.jpg1191-IMG_2502.jpg,,
1192,E17,B096,Vase,,B&W,Jingdezhen,Porcelain,Shard,4,Dragon,,1,,1192-IMG_2504.jpg1192-IMG_2503.jpg,,
1193,E21,B121,Bowl,,B&W,Jingdezhen,Porcelain,Shard,9,Lotus panels,Lotus pond?,1,,1193-IMG_2505.jpg1193-IMG_2506.jpg,,
1194,E21,B121,Guan?,,B&W,Jingdezhen,Porcelain,Shard,90,Dragon scroll lotus panels,,1,Luted,1194-IMG_2508.jpg1194-IMG_2507.jpg,,✓
1195,E18,B099,Bowl,,B&W,Jingdezhen,Porcelain,Shard,23,Lotus panels,Dragon moulded qingbai,1,B&W and qingbai. Anhua,1195-IMG_2509.jpg1195-IMG_2510.jpg,,✓
1196,E18,B099,Bowl,Medium,B&W,Jingdezhen,Porcelain,Base,212,Lotus panels,Double vajra,1,,1196-IMG_2513.jpg1196-IMG_2514.jpg,,✓
1197,E18,B099,Bowl,Medium,B&W,Jingdezhen,Porcelain,Base shard,458,Lotus panels,Ducks in lotus pond,1,,1197-IMG_2518.jpg1197-IMG_2516.jpg1197-IMG_2517.jpg,,
1198,E18,B099,Bowl,Medium,B&W,Jingdezhen,Porcelain,Base,157,Lotus panels,Ducks in lotus pond,1,,1198-IMG_2519.jpg1198-IMG_2520.jpg,,
1199,E18,B099,Bowl,Small,B&W,Jingdezhen,Porcelain,Base,78,,Lotus bouquet,1,,1199-IMG_2522.jpg1199-IMG_2521.jpg,,
1200,E18,B099,Bowls,,B&W,Jingdezhen,Porcelain,Shards,168,,,5,,1200-IMG_2524.jpg1200-IMG_2523.jpg,,
1202,E18,B098,Bowl,Medium,B&W,Jingdezhen,Porcelain,Base,329,Lotus panels,Lotus bouquet,1,,1202-IMG_2528.jpg1202-IMG_2527.jpg,,
1203,E18,B098,Bowl,Medium,B&W,Jingdezhen,Porcelain,Base,149,Lotus panels,Ducks in lotus pond,1,Eroded,1203-IMG_2530.jpg1203-IMG_2529.jpg,,
1204,E18,B098,Bowl,Medium,B&W,Jingdezhen,Porcelain,Rim to base,78,Lotus panels lotus scroll,Ducks in lotus pond chrysanthemum scroll,1,,1204-IMG_2531.jpg1204-IMG_2532.jpg,,✓
1205,E18,B098,Bowl,Medium,B&W,Jingdezhen,Porcelain,Base,143,Lotus panels,Lotus bouquet,1,,1205-IMG_2533.jpg1205-IMG_2534.jpg,,
1206,E18,B098,Dish,Medium,B&W,Jingdezhen,Porcelain,Base shard,52,Lotus panels,,1,,1206-IMG_2535.jpg1206-IMG_2536.jpg,,
1207,E18,B098,Vase,,B&W,Jingdezhen,Porcelain,Shard,20,Waves reverse decoration,,1,,1207-IMG_2538.jpg1207-IMG_2537.jpg,,✓
1208,E18,B098,Vases,,B&W,Jingdezhen,Porcelain,Shards,50,,,4,,1208-IMG_2540.jpg1208-IMG_2539.jpg,,
1209,E18,B098,Bowls,,B&W,Jingdezhen,Porcelain,Shards,96,,,9,,1209-IMG_2542.jpg1209-IMG_2541.jpg,,
1211,E17,B096,Bowl,Medium,B&W,Jingdezhen,Porcelain,Base,246,Lotus panels,Ducks in lotus pond,1,,1211-IMG_2545.jpg1211-IMG_2546.jpg,,
1212,E17,B096,Bowl,Medium,B&W,Jingdezhen,Porcelain,Base,180,Lotus panels,Ducks in lotus pond,1,,1212-IMG_2547.jpg1212-IMG_2548.jpg,,
1213,E17,B096,Bowl,,B&W,Jingdezhen,Porcelain,Shard,29,Lotus panels,Lotus pond?,1,,1213-IMG_3563.jpg1213-IMG_3562.jpg,,
1214,E17,B096,Vases,,B&W,Jingdezhen,Porcelain,Shards,8,,,2,,1214-IMG_2552.jpg1214-IMG_2553.jpg,,
1216,F20,B140,Bowl,Medium,B&W,Jingdezhen,Porcelain,Base,207,Lotus panels,Double vajra,1,,1216-IMG_2559.jpg1216-IMG_2560.jpg,,✓
1217,F20,B140,Bowl,Medium,B&W,Jingdezhen,Porcelain,Base,134,,Lotus bouquet,1,,1217-IMG_2561.jpg1217-IMG_2562.jpg,,
1218,F20,B140,Dish,Small,B&W,Jingdezhen,Porcelain,Base,80,,Lotus bouquet,1,Shufu shape?,1218-IMG_2564.jpg1218-IMG_2563.jpg,,
1219,F20,B140,Cup,Small,B&W,Jingdezhen,Porcelain,Base,35,,Chrysanthemum,1,,1219-IMG_2566.jpg1219-IMG_2567.jpg1219-IMG_2565.jpg,,✓
1220,F20,B140,Bowls,,B&W,Jingdezhen,Porcelain,Shards,94,,,7,,1220-IMG_2570.jpg1220-IMG_2569.jpg,,
1221,F20,B140,Dish,Medium,B&W,Jingdezhen,Porcelain,Base shard,58,Lotus panel,Phoenix? lotus scroll,1,,1221-IMG_2571.jpg1221-IMG_2572.jpg,,
1222,F20,B140,Vases,,B&W,Jingdezhen,Porcelain,Shards,16,,,3,Faceted,1222-IMG_2575.jpg1222-IMG_2576.jpg,,
1223,F20,B140,Bowl,,B&W,Jingdezhen,Porcelain,Shard,40,Lotus,,1,,1223-IMG_2574.jpg1223-IMG_2573.jpg,,
1225,E18,B099,Dish,Medium,B&W,Jingdezhen,Porcelain,Base shard,97,,Floral,1,,1225-IMG_2580.jpg1225-IMG_2579.jpg,,
1226,E18,B099,Vases,,B&W,Jingdezhen,Porcelain,Shards,24,,,2,,1226-IMG_2584.jpg1226-IMG_2583.jpg,,
1227,E18,B099,Bowls,,B&W,Jingdezhen,Porcelain,Shards,12,,,2,,1227-IMG_2586.jpg1227-IMG_2585.jpg,,
1228,E18,B099,Vase,,B&W,Jingdezhen,Porcelain,Shard,12,Waves reverse decorated,,1,,1228-IMG_2588.jpg1228-IMG_2587.jpg,,
1229,F19,B136,Bowl,Medium,B&W,Jingdezhen,Porcelain,Base,142,Lotus panels,Ducks in lotus pond,1,,1229-IMG_2590.jpg1229-IMG_2589.jpg,,
1230,F19,B136,Bowl,,B&W,Jingdezhen,Porcelain,Shard,16,,,1,Glazed both sides,1230-IMG_2593.jpg1230-IMG_2591.jpg,,
1231,F19,B136,Bowl,,B&W,Jingdezhen,Porcelain,Shard,12,Scroll,Scroll,1,,1231-IMG_2594.jpg1231-IMG_2595.jpg,,
1232,E21,B122,Guan?,,B&W,Jingdezhen,Porcelain,Shards,113,Lotus panels,,2,,1232-IMG_2597.jpg1232-IMG_2596.jpg,,
1233,E21,B122,Bowl,Medium,B&W,Jingdezhen,Porcelain,Base,143,,Ducks in lotus pond,1,,1233-IMG_2599.jpg1233-IMG_2598.jpg,,
1234,E21,B122,Vase,,B&W,Jingdezhen,Porcelain,Neck shard,10,Plantain leaves,,1,Octagonal,1234-IMG_2600.jpg1234-IMG_2601.jpg,,
1235,E21,B122,Flask,,B&W,Jingdezhen,Porcelain,Shard,54,Waves,,1,Cobalt diffused,1235-IMG_2608.jpg1235-IMG_2604.jpg,,✓
1236,E21,B122,Bowl,Large,B&W,Jingdezhen,Porcelain,Shard,65,Lotus panels,Lotus,1,,1236-IMG_2610.jpg1236-IMG_2609.jpg,,
1237,E21,B122,Vase,,B&W,Jingdezhen,Porcelain,Shard,19,Waves in ruyi lappet,,1,,1237-IMG_2612.jpg1237-IMG_2611.jpg,,
1238,E21,B122,Vase,,B&W,Jingdezhen,Porcelain,Shard,20,Phoenix? lotus,,1,,1238-IMG_2613.jpg1238-IMG_2614.jpg,,
1239,E21,B122,Vases,,B&W,Jingdezhen,Porcelain,Shards,10,,,2,,1239-IMG_2615.jpg1239-IMG_2616.jpg,,
1240,E21,B122,Bowls,,B&W,Jingdezhen,Porcelain,Shards,63,,,4,,1240-IMG_2618.jpg1240-IMG_2617.jpg,,
1241,F19,B139,Bowl,Medium,B&W,Jingdezhen,Porcelain,Base,125,,Lotus bouquet,1,,1241-IMG_2619.jpg1241-IMG_2620.jpg,,
1242,F19,B139,Bowls,,B&W,Jingdezhen,Porcelain,Shards,38,Lotus panels,,2,,1242-IMG_2622.jpg1242-IMG_2621.jpg,,
1243,F19,B139,Cover,,B&W,Jingdezhen,Porcelain,Shard,24,Lotus panels,,1,Lobed,1243-IMG_2623.jpg1243-IMG_2624.jpg,,✓
1244,F19,B139,Jarlet & bowl,,B&W,Jingdezhen,Porcelain,Shards,53,,,2,Flat bottom jarlet,1244-IMG_2626.jpg1244-IMG_2627.jpg,,
1245,E17,B097,Vase,,B&W,Jingdezhen,Porcelain,Shard,13,Panels scroll,,1,Faceted,1245-IMG_2629.jpg1245-IMG_2628.jpg,,
1246,E17,B097,Bowl,,B&W,Jingdezhen,Porcelain,Shard,9,,,1,,1246-IMG_2630.jpg1246-IMG_2631.jpg,,
1249,E17,B097,Vase?,,B&W,Jingdezhen,Porcelain,Base shard,59,Ducks in lotus pond,,1,Straight sided interior glazed,1249-IMG_2638.jpg1249-IMG_2639.jpg1249-IMG_2637.jpg,,✓
1250,E17,B097,Bowl,Medium,B&W,Jingdezhen,Porcelain,Base,268,Lotus panels,Ducks in lotus pond,1,,1250-IMG_2641.jpg1250-IMG_2642.jpg,,
1251,E17,B097,Bowl,Medium,B&W,Jingdezhen,Porcelain,Base,166,Lotus Panels,Ducks in lotus pond,1,,1251-IMG_2643.jpg1251-IMG_2644.jpg,,
1252,E17,B097,Cup,Small,B&W,Jingdezhen,Porcelain,Rim to base,29,Leaf scroll,Fungus,1,,1252-IMG_2646.jpg1252-IMG_2645.jpg,,✓
1253,E17,B097,Jarlet,,B&W,Jingdezhen,Porcelain,Base,20,Leaves,,1,Beaded ribs,1253-IMG_2650.jpg1253-IMG_2649.jpg1253-IMG_2648.jpg,,
1254,E17,B097,Vases,,B&W,Jingdezhen,Porcelain,Shards,11,,,3,,1254-IMG_2651.jpg1254-IMG_2652.jpg,,
1255,E17,B097,Bowl?,,B&W,Jingdezhen,Porcelain,Shard,5,,Unidentified legs?,1,Glazed both sides,1255-IMG_2653.jpg1255-IMG_2654.jpg,,✓
1256,E17,B097,Bowls,,B&W,Jingdezhen,Porcelain,Shards,133,,,14,,1256-IMG_2656.jpg1256-IMG_2655.jpg,,
1257,F19,B139,Bowl,Small,B&W,Jingdezhen,Porcelain,Base,84,,Lotus bouquet,1,Shufu shape?,1257-IMG_2657.jpg1257-IMG_2658.jpg,,
1258,F19,B139,Vase,,B&W,Jingdezhen,Porcelain,Base,55,Lotus panels lotus scroll,,1,,1258-IMG_2660.jpg1258-IMG_2659.jpg,,
1259,F19,B139,Vase,,B&W,Jingdezhen,Porcelain,Shard,28,Lotus panels,,1,Faceted,1259-IMG_2664.jpg1259-IMG_2663.jpg,,
1260,F19,B139,Bowl,,B&W,Jingdezhen,Porcelain,Shard,18,Lotus panels,,1,,1260-IMG_2666.jpg1260-IMG_2665.jpg,,
1263,F19,B136,Bowl,Small,B&W,Jingdezhen,Porcelain,Base,76,,Lotus bouquet,1,,1263-IMG_2672.jpg1263-IMG_2671.jpg,,
1264,F19,B136,Bowl,Medium,B&W,Jingdezhen,Porcelain,Base,114,,Peony?,1,,1264-IMG_2674.jpg1264-IMG_2673.jpg,,
1265,F19,B136,Bowl?,,B&W,Jingdezhen,Porcelain,Shard,15,,Lotus pond?,1,,1265-IMG_2676.jpg1265-IMG_2675.jpg,,
1266,F19,B136,Cup,Small,B&W,Jingdezhen,Porcelain,Base,23,,Chrysanthemum,1,,1266-IMG_2678.jpg1266-IMG_2677.jpg,,
1268,F19,B136,Vase,,B&W,Jingdezhen,Porcelain,Shard,10,Panels,,1,Faceted,1268-IMG_2681.jpg1268-IMG_2682.jpg,,
1269,F19,B136,Bowls,,B&W,Jingdezhen,Porcelain,Shards,11,,,2,,1269-IMG_2683.jpg1269-IMG_2684.jpg,,
1270,E17,B097,Guan,,B&W,Jingdezhen,Porcelain,Shard,108,Peony,,1,Glazed both sides,1270-IMG_2686.jpg1270-IMG_2685.jpg,,✓
1271,E17,B097,Bowls,,B&W,Jingdezhen,Porcelain,Shards,46,,,4,,1271-IMG_2687.jpg1271-IMG_2688.jpg,,
1272,E17,B097,Jarlet?,,B&W,Jingdezhen,Porcelain,Base shard,37,Lotus petals,,1,Flat base,1272-IMG_2689.jpg1272-IMG_2690.jpg,,
1273,E17,B097,Vases,,B&W,Jingdezhen,Porcelain,Shards,74,,,3,,1273-IMG_3558.jpg1273-IMG_3559.jpg,,
1274,E17,B096,Cover,,B&W,Jingdezhen,Porcelain,Shard,26,Frett work scroll,,1,Tiered,1274-IMG_2695.jpg1274-IMG_2696.jpg,,✓
1275,E17,B096,Bowl,,B&W,Jingdezhen,Porcelain,Rim shard,24,Lotus petals lotus scroll frett work,Lotus scroll scroll,1,,1275-IMG_2698.jpg1275-IMG_2699.jpg,,
1276,F21,B141,Dish,Medium,B&W,Jingdezhen,Porcelain,Base shard,54,Lotus panels,Lotus,1,,1276-IMG_2701.jpg1276-IMG_2700.jpg,,
1277,F21,B141,Bowl,,B&W,Jingdezhen,Porcelain,Shard,24,Lotus panels,Lotus pond?,1,,1277-IMG_2703.jpg1277-IMG_2702.jpg,,
1278,F22,B142,Bowl,Medium,B&W,Jingdezhen,Porcelain,Base,123,,Ducks in lotus pond,1,,1278-IMG_2705.jpg1278-IMG_2704.jpg,,
1279,F22,B142,Vases,,B&W,Jingdezhen,Porcelain,Shards,15,,,2,,1279-IMG_2707.jpg1279-IMG_2706.jpg,,
1280,F22,B142,Bowls,,B&W,Jingdezhen,Porcelain,Shards,14,,,2,,1280-IMG_2713.jpg1280-IMG_2710.jpg1280-IMG_2711.jpg,,
1281,F19,B137,Bowl,Medium,B&W,Jingdezhen,Porcelain,Base,183,Lotus panels,Ducks in lotus pond,1,,1281-IMG_2712.jpg,,
1282,E13,Inshore of mooring area,Bowl,Medium,B&W,Jingdezhen,Porcelain,Base,119,Lotus panels,Ducks in lotus pond,1,,1282-IMG_2714.jpg1282-IMG_2715.jpg,,
1283,E21,B122,Vase,,B&W,Jingdezhen,Porcelain,Shard,55,Peony scroll,,1,,1283-IMG_2717.jpg,,
1284,E23,B144,Vase,Medium,B&W,Jingdezhen,Porcelain,Base,106,Lotus panels,,1,Mark inscribed on base,1284-IMG_2720.jpg1284-IMG_2721.jpg,,✓
1285,E23,B143,Vase,,B&W,Jingdezhen,Porcelain,Shard,10,Waves reverse decorated lotus panels,,1,,1285-IMG_2723.jpg1285-IMG_2724.jpg,,
1286,E18,B099,Bowl,,B&W,Jingdezhen,Porcelain,Shard,13,Lotus panels,,1,,1286-IMG_2725.jpg1286-IMG_2726.jpg,,
1290,F19,B133,Vase,,B&W,Jingdezhen,Porcelain,Shard,15,Panels with lotus,,1,Faceted,1290-IMG_2735.jpg1290-IMG_2737.jpg,,
1291,F19,B139,Bowl,Medium,B&W,Jingdezhen,Porcelain,Base,151,Lotus panels,Lotus bouquet,1,,1291-IMG_2738.jpg1291-IMG_2739.jpg,,
1292,F19,B139,Bowl,,B&W,Jingdezhen,Porcelain,Shard,9,Lotus panels,,1,,1292-IMG_2741.jpg1292-IMG_2740.jpg,,
1293,F19,B139,Vase,,B&W,Jingdezhen,Porcelain,,17,Floral,,1,,1293-IMG_2743.jpg1293-IMG_2742.jpg,,
1294,E19,B105,Bowl,Small,B&W,Jingdezhen,Porcelain,Shard,2,,,1,Shufu shape,1294-IMG_2745.jpg1294-IMG_2744.jpg,,
1295,E19,B105,Bowl,Medium,B&W,Jingdezhen,Porcelain,Rim shard,59,Wave band scroll,Lotus panels chrysanthemum scroll frett work,1,,1295-IMG_2747.jpg1295-IMG_2746.jpg,,✓
1296,E19,B105,Stem cup?,,B&W,Jingdezhen,Porcelain,Rim shard,39,Dragon flaming pearl,Floral scroll,1,3 claw,1296-IMG_2749.jpg1296-IMG_2748.jpg,,✓
1297,E19,B105,Bowl,,B&W,Jingdezhen,Porcelain,Rim shard,29,Lotus scroll,Lotus scroll,1,,1297-IMG_2751.jpg1297-IMG_2750.jpg,,
1298,E19,B105,Bowl,,B&W,Jingdezhen,Porcelain,Shard,2,,,1,,1298-IMG_2752.jpg1298-IMG_2753.jpg,,
1299,E19,B109,Bowl,Medium,B&W,Jingdezhen,Porcelain,Base shard,269,Lotus panels,Ducks in lotus pond,1,,1299-IMG_2754.jpg1299-IMG_2755.jpg,,
1300,F22,B142,Vases,,B&W,Jingdezhen,Porcelain,Shards,20,,,3,,1300-IMG_2708.jpg1300-IMG_2709.jpg,,
1301,E19,B109,Guan?,Large,B&W,Jingdezhen,Porcelain,Shard,346,Phoenix in ruyi lappet floral scroll lotus panels,,1,Octagonal,1301-IMG_2756.jpg1301-IMG_2757.jpg,,✓
1302,E19,B109,Bowl,Medium,B&W,Jingdezhen,Porcelain,Base shard,161,Lotus panels,Double vajra,1,,1302-IMG_2761.jpg1302-IMG_2758.jpg,,
1303,E19,B109,Bowl,Medium,B&W,Jingdezhen,Porcelain,Base,163,Lotus panels,Ducks in lotus pond,1,Cobalt diffused,1303-IMG_2762.jpg1303-IMG_2763.jpg,,
1304,E19,B109,Bowl,Medium,B&W,Jingdezhen,Porcelain,Base,153,Lotus panels,Lotus bouquet,1,,1304-IMG_2764.jpg1304-IMG_2765.jpg,,
1305,E19,B109,Bowl,Medium,B&W,Jingdezhen,Porcelain,Base,176,,Lotus pond,1,,1305-IMG_2767.jpg1305-IMG_2768.jpg,,
1306,E19,B109,Stem cup,Small,B&W,Jingdezhen,Porcelain,Base with stem,95,Scroll,Morning glory?,1,,1306-IMG_2771.jpg1306-IMG_2772.jpg1306-IMG_2773.jpg,,✓
1307,E19,B109,Bowl,Small,B&W,Jingdezhen,Porcelain,Shard,6,,Berries?,1,Shufu shape,1307-IMG_2776.jpg1307-IMG_2774.jpg,,
1308,E19,B109,Stem cup,,B&W,Jingdezhen,Porcelain,Stem,53,Plantain leaves,Lotus bouquet?,1,,1308-IMG_2780.jpg1308-IMG_2778.jpg1308-IMG_2779.jpg,,✓
1309,E19,B109,Bowls,,B&W,Jingdezhen,Porcelain,Shards,90,,,11,,1309-IMG_2782.jpg1309-IMG_2783.jpg,,
1310,E19,B109,Vases,,B&W,Jingdezhen,Porcelain,Shards,25,,,4,,1310-IMG_2785.jpg1310-IMG_2784.jpg,,
1311,E19,B109,Vase,,B&W,Jingdezhen,Porcelain,Base shard,65,Frett work leaves,,1,Flowerpot? Tiered base straight sides,1311-IMG_2786.jpg1311-IMG_2787.jpg,,✓
1312,E19,B109,Vase,,B&W,Jingdezhen,Porcelain,Shard,5,Dragon,,1,Large scales,1312-IMG_2788.jpg1312-IMG_2789.jpg,,✓
1313,E19,B109,Vase,,B&W,Jingdezhen,Porcelain,Base shard,33,Lotus petals lotus panels,,1,High foot,1313-IMG_2791.jpg1313-IMG_2790.jpg,,
1314,E19,B109,Ewer,,B&W,Jingdezhen,Porcelain,Spout shard,31,Peony,,1,,1314-IMG_2793.jpg1314-IMG_2792.jpg,,✓
1315,E19,B109,Bowl,Medium,B&W,Jingdezhen,Porcelain,Rim shard,69,lotus scroll,Lotus pond lotus scroll,1,2 pieces of 1,1315-IMG_2794.jpg1315-IMG_2795.jpg,,✓
1318,E19,B104,Bowl,Medium,B&W,Jingdezhen,Porcelain,Base,171,,Ducks in lotus pond,1,,1318-IMG_2800.jpg1318-IMG_2801.jpg,,
1319,E19,B104,Cup,Small,B&W,Jingdezhen,Porcelain,Base,20,,Chrysanthemum,1,Fired black,1319-IMG_2802.jpg1319-IMG_2803.jpg,,
1320,E19,B104,Vase,,B&W,Jingdezhen,Porcelain,Shard,26,Lotus panels lotus,,1,Luting,1320-IMG_2804.jpg1320-IMG_2805.jpg,,
1321,E19,B104,Bowls,,B&W,Jingdezhen,Porcelain,Shards,76,,,8,,1321-IMG_2806.jpg1321-IMG_2807.jpg,,
1322,E22,B127,Vase,,B&W,Jingdezhen,Porcelain,Mouth rim shard,4,,,1,Trumpet mouth,1322-IMG_2810.jpg1322-IMG_2809.jpg,,✓
1323,E22,B127,Bowl,Medium,B&W,Jingdezhen,Porcelain,Base,125,Lotus panels,Lotus,1,,1323-IMG_2812.jpg1323-IMG_2811.jpg,,
1324,E22,B127,Bowl,Medium,B&W,Jingdezhen,Porcelain,Base,212,Lotus petals,Fungus,1,,1324-IMG_2814.jpg1324-IMG_2813.jpg,,✓
1325,E22,B127,Bowl,Small,B&W,Jingdezhen,Porcelain,Base,64,,Lotus bouquet,1,,1325-IMG_2816.jpg1325-IMG_2815.jpg,,
1326,E22,B127,Bowls,Small,B&W,Jingdezhen,Porcelain,Bases,118,,Lotus bouquet,2,,1326-IMG_2817.jpg1326-IMG_2818.jpg,,
1327,E22,B127,Vase,,B&W,Jingdezhen,Porcelain,Shard,28,Lotus panels,,1,,1327-IMG_2820.jpg1327-IMG_2819.jpg,,
1328,E22,B127,Vase,,B&W,Jingdezhen,Porcelain,Shard,11,Dragon?,,1,,1328-IMG_2822.jpg1328-IMG_2821.jpg,,
1329,E22,B127,Vase,,B&W,Jingdezhen,Porcelain,Shard,10,Lotus pond,,1,Faceted fired black,1329-IMG_2824.jpg1329-IMG_2823.jpg,,
1330,E22,B127,Vases,,B&W,Jingdezhen,Porcelain,Shards,10,,,3,,1330-IMG_2826.jpg1330-IMG_2825.jpg,,
1331,E22,B127,Bowls,,B&W,Jingdezhen,Porcelain,Shards,51,,,8,,1331-IMG_2827.jpg1331-IMG_2828.jpg,,
1333,E19,B109,Bowl,Medium,B&W,Jingdezhen,Porcelain,Base shard,432,Lotus panels,Lotus bouquet,1,Eroded,1333-IMG_2831.jpg1333-IMG_2832.jpg,,
1334,E19,B109,Vase,,B&W,Jingdezhen,Porcelain,Shard,74,Waves leaves reverse decorated scroll lotus panels,,1,Luted,1334-IMG_2834.jpg1334-IMG_2833.jpg,,✓
1335,E19,B109,Bowl,Medium,B&W,Jingdezhen,Porcelain,Base,233,Lotus panels,Ducks in lotus pond,1,Eroded,1335-IMG_2835.jpg1335-IMG_2836.jpg,,
1336,E19,B109,Bowl,Small,B&W,Jingdezhen,Porcelain,Base,64,,Lotus bouquet,1,,1336-IMG_2838.jpg1336-IMG_2837.jpg,,
1337,E19,B109,Guan,,B&W,Jingdezhen,Porcelain,Shard,144,Peony?,,1,Eroded,1337-IMG_2840.jpg1337-IMG_2839.jpg,,
1338,E19,B109,Bowl,Medium,B&W,Jingdezhen,Porcelain,Base,142,Lotus panels,Ducks in lotus pond,1,,1338-IMG_2841.jpg1338-IMG_2842.jpg,,
1339,E19,B109,Vase,,B&W,Jingdezhen,Porcelain,Shard,44,Poenix leaves,,1,Luting,1339-IMG_2844.jpg1339-IMG_2843.jpg,,✓
1340,E19,B109,Vase,,B&W,Jingdezhen,Porcelain,Shard,29,Frett work,,1,,1340-IMG_2846.jpg1340-IMG_2845.jpg,,
1341,E19,B109,Bowl,,B&W,Jingdezhen,Porcelain,Shard,53,Lotus panels,Lotus,1,,1341-IMG_2847.jpg1341-IMG_2848.jpg,,
1342,E19,B109,Bowls,,B&W,Jingdezhen,Porcelain,Shards,35,,,3,,1342-IMG_2849.jpg1342-IMG_2850.jpg,,
1343,E19,B109,Vases,,B&W,Jingdezhen,Porcelain,Shards,6,,,2,,1343-IMG_2852.jpg1343-IMG_2851.jpg,,
1344,F19,B138,Dish,Small,B&W,Jingdezhen,Porcelain,Rim shard,5,Scroll,,1,Foliated rim,1344-IMG_2854.jpg1344-IMG_2853.jpg,,
1345,F19,B138,Dish,Medium,B&W,Jingdezhen,Porcelain,Rim and base,396,Lotus panels,Heron in lotus pond lotus scroll,1,,1345-IMG_2855.jpg1345-IMG_2856.jpg,,✓
1346,F19,B138,Bowl,Medium,B&W,Jingdezhen,Porcelain,Base,188,Lotus panels,Ducks in lotus pond,1,,1346-IMG_2857.jpg1346-IMG_2858.jpg,,
1347,F19,B138,Bowl,Medium,B&W,Jingdezhen,Porcelain,Base,192,Lotus panels,Ducks in lotus pond,1,,1347-IMG_2859.jpg1347-IMG_2860.jpg,,
1348,F19,B138,Bowl,Small,B&W,Jingdezhen,Porcelain,Base,99,,Lotus bouquet,1,Shufu shape,1348-IMG_2862.jpg1348-IMG_2861.jpg,,✓
1349,F19,B138,Bowl,Medium,B&W,Jingdezhen,Porcelain,Base shard,107,,Peony,1,,1349-IMG_2863.jpg1349-IMG_2864.jpg,,
1350,F19,B138,Bowl,Medium,B&W,Jingdezhen,Porcelain,Base,117,,Dragon,1,Tiered caveto,1350-IMG_2868.jpg1350-IMG_2867.jpg,,✓
1351,F19,B138,Bowl,Medium,B&W,Jingdezhen,Porcelain,Base shard,120,Lotus panels with symbols,Double vajra,1,,1351-IMG_2869.jpg1351-IMG_2870.jpg,,✓
1352,F19,B138,Vase,,B&W,Jingdezhen,Porcelain,Shard,15,Leaves,,1,Faceted,1352-IMG_2871.jpg1352-IMG_2872.jpg,,
1353,F19,B138,Vases,,B&W,Jingdezhen,Porcelain,Shards,25,,,3,,1353-IMG_2874.jpg1353-IMG_2873.jpg,,
1354,F19,B138,Bowls,,B&W,Jingdezhen,Porcelain,Shards,19,,,4,,1354-IMG_2876.jpg1354-IMG_2875.jpg,,
1357,E21,B125,Vase?,,B&W,Jingdezhen,Porcelain,Shard,69,Waves with dragon reverse decorated,,1,Incised decoration glazed both sides,1357-IMG_2882.jpg1357-IMG_2881.jpg,,✓
1358,E21,B125,Cover,Medium,B&W,Jingdezhen,Porcelain,Shard,34,Scroll flames,,1,Tiered,1358-IMG_2883.jpg1358-IMG_2886.jpg1358-IMG_2884.jpg,,✓
1359,E21,B125,Vase,,B&W,Jingdezhen,Porcelain,Shard,30,,,1,,1359-IMG_2887.jpg1359-IMG_2888.jpg,,
1363,E21,B125,Bowl,Medium,B&W,Jingdezhen,Porcelain,Base,305,Lotus panels,Double phoenix clouds,1,Eroded,1363-IMG_2896.jpg1363-IMG_2895.jpg,,✓
1364,E21,B125,Bowl,Medium,B&W,Jingdezhen,Porcelain,Base,182,Lotus panels,Ducks in lotus pond,1,,1364-IMG_2898.jpg1364-IMG_2897.jpg,,
1365,E21,B125,Bowl,Medium,B&W,Jingdezhen,Porcelain,Base,216,Lotus panels,Lotus bouquet,1,,1365-IMG_2900.jpg1365-IMG_2899.jpg,,
1366,E21,B125,Bowl,Medium,B&W,Jingdezhen,Porcelain,Base shard,144,Lotus panels,Ducks in lotus pond,1,,1366-IMG_2901.jpg1366-IMG_2902.jpg,,
1367,E21,B125,Pouring vessel,,B&W,Jingdezhen,Porcelain,Rim to base,43,Lotus panels,Phoenix? chrysanthemum scroll,1,Flat base,1367-IMG_2906.jpg1367-IMG_2905.jpg,,✓
1368,E21,B125,Vase,,B&W,Jingdezhen,Porcelain,Shard,55,Lotus panels,,1,Luted,1368-IMG_2908.jpg1368-IMG_2907.jpg,,
1369,E21,B125,Vase,,B&W,Jingdezhen,Porcelain,Shard,34,Lotus pond scroll,,1,,1369-IMG_2910.jpg1369-IMG_2909.jpg,,
1370,E21,B125,Vases,,B&W,Jingdezhen,Porcelain,Shards,23,,,3,,1370-IMG_2912.jpg1370-IMG_2911.jpg,,
1371,E21,B125,Bowls,,B&W,Jingdezhen,Porcelain,Shards,106,,,11,,1371-IMG_2913.jpg1371-IMG_2914.jpg,,
1372,E21,B124,Bowl,,B&W,Jingdezhen,Porcelain,Shard,33,Lotus panels,Lotus,1,,1372-IMG_2915.jpg1372-IMG_2916.jpg,,
1373,E21,B124,Bowl,Small,B&W,Jingdezhen,Porcelain,Shard,13,Lotus panels,Lotus,1,,1373-IMG_2918.jpg1373-IMG_2917.jpg,,
1374,E18,B103,Vase,,R&W,Jingdezhen,Porcelain,Shard,34,Clouds?,,1,Luted,1374-IMG_2920.jpg1374-IMG_2919.jpg,,✓
1377,E18,B103,Guan,,B&W,Jingdezhen,Porcelain,Shard,128,Vines,,1,,1377-IMG_2927.jpg1377-IMG_2926.jpg,,✓
1378,E18,B103,Bowl,Medium,B&W,Jingdezhen,Porcelain,Base,203,Lotus panels,Double vajra,1,,1378-IMG_2930.jpg1378-IMG_2928.jpg,,✓
1379,E18,B103,Vase,,B&W,Jingdezhen,Porcelain,Shard,27,Phoenix lotus frett work,,1,,1379-IMG_2938.jpg1379-IMG_2939.jpg,,
1380,E18,B103,Bowl,,B&W,Jingdezhen,Porcelain,Shard,41,Lotus panels,Lotus,1,,1380-IMG_2937.jpg1380-IMG_2935.jpg,,
1381,E18,B103,Bowl,,B&W,Jingdezhen,Porcelain,Shard,32,Lotus petals lotus scroll,Lotus scroll,1,,1381-IMG_2934.jpg1381-IMG_2933.jpg,,
1382,E18,B103,Bowl,,B&W,Jingdezhen,Porcelain,Rim shard,3,,,1,,1382-IMG_2931.jpg1382-IMG_2932.jpg,,
1383,E22,B132,Vase,,B&W,Jingdezhen,Porcelain,Shard,47,Morning glory,,1,Lobed,1383-IMG_2941.jpg1383-IMG_2940.jpg,,✓
1384,E22,B132,Bowl,Medium,B&W,Jingdezhen,Porcelain,Base,182,Lotus panels,Lotus bouquet,1,,1384-IMG_2942.jpg1384-IMG_2943.jpg,,
1385,E22,B132,Guan?,,B&W,Jingdezhen,Porcelain,Shard,154,Peony?,,1,Luted,1385-IMG_2944.jpg1385-IMG_2945.jpg,,
1386,E22,B132,Dish,Small,B&W,Jingdezhen,Porcelain,Rim shard,9,Scroll,,1,Foliated rim,1386-IMG_2947.jpg1386-IMG_2946.jpg,,✓
1387,E22,B132,Vases,,B&W,Jingdezhen,Porcelain,Shards,41,,,2,,1387-IMG_2949.jpg1387-IMG_2948.jpg,,
1388,E22,B132,Bowls,,B&W,Jingdezhen,Porcelain,Shards,19,Lotus panels,,2,,1388-IMG_2953.jpg1388-IMG_2950.jpg1388-IMG_2951.jpg,,
1389,E21,B126,Vase,,B&W,Jingdezhen,Porcelain,Shard,63,Chrysanthemum?,,1,,1389-IMG_2952.jpg,,
1392,E21,B126,Vase,,B&W,Jingdezhen,Porcelain,Shard,8,Scroll,,1,Faceted,1392-IMG_2962.jpg1392-IMG_2961.jpg,,
1393,E21,B126,Vase,,B&W,Jingdezhen,Porcelain,Shard,21,Waves reverse decorated scroll,,1,Luted,1393-IMG_2964.jpg1393-IMG_2963.jpg,,
1394,E21,B126,Bowls,,B&W,Jingdezhen,Porcelain,Shards,35,,,3,,1394-IMG_2966.jpg1394-IMG_2965.jpg,,
1395,E21,B126,Vase?,,B&W,Jingdezhen,Porcelain,Base shard,26,,,1,Lump attached,1395-IMG_2967.jpg1395-IMG_2968.jpg,,
1396,E21,B126,Unknown,,B&W,Jingdezhen,Porcelain,Shard,6,,,1,,1396-IMG_2969.jpg1396-IMG_2970.jpg,,
1397,E21,B126,Vase,,B&W,Jingdezhen,Porcelain,Shard,25,,,1,,1397-IMG_2972.jpg1397-IMG_2971.jpg,,
1398,E21,B124,Bowl,,B&W,Jingdezhen,Porcelain,Shard,10,,,1,Cobalt diffused,1398-IMG_2974.jpg1398-IMG_2973.jpg,,
1400,E19,B109,Vase,,R&W,Jingdezhen,Porcelain,Shard,21,Clouds,,1,,1400-IMG_2980.jpg1400-IMG_2979.jpg,,✓
1401,F19,B138,Bowl,Medium,B&W,Jingdezhen,Porcelain,Base shard,146,Lotus panels with symbols,Double vajra,1,,1401-IMG_2983.jpg1401-IMG_2984.jpg,,✓
1402,F19,B138,Bowl,Medium,B&W,Jingdezhen,Porcelain,Base,146,,Lotus?,1,,1402-IMG_2986.jpg1402-IMG_2985.jpg,,
1403,F19,B138,Bowl,Medium,B&W,Jingdezhen,Porcelain,Shard,56,Lotus panels,Ducks in lotus pond,1,,1403-IMG_2988.jpg1403-IMG_2987.jpg,,
1404,F19,B138,Bowl,Small,B&W,Jingdezhen,Porcelain,Base,63,,Lotus bouquet,1,Shufu shape,1404-IMG_2990.jpg1404-IMG_2989.jpg,,
1405,E22,B127,Dish,Medium,B&W,Jingdezhen,Porcelain,Base shard,76,Lotus panels,Dragon,1,,1405-IMG_2991.jpg1405-IMG_2992.jpg,,✓
1406,E22,B127,Vases,,B&W,Jingdezhen,Porcelain,Shards,20,,,2,,1406-IMG_2994.jpg1406-IMG_2993.jpg,,
1407,E22,B127,Jarlet?,Small,B&W,Jingdezhen,Porcelain,Base shard,9,,,1,,1407-IMG_2996.jpg1407-IMG_2995.jpg,,
1408,E21,B126,Guan,,B&W,Jingdezhen,Porcelain,Base shard,174,,,1,,1408-IMG_2998.jpg1408-IMG_2997.jpg,,
1409,E21,B126,Dish,Medium,B&W,Jingdezhen,Porcelain,Base shard,49,,Lotus,1,,1409-IMG_3001.jpg1409-IMG_3000.jpg,,
1410,E21,B126,Bowl,,B&W,Jingdezhen,Porcelain,Shard,18,Lotus panels lotus scroll,,1,,1410-IMG_3002.jpg1410-IMG_3003.jpg,,
1411,E21,B126,Bowl,Small,B&W,Jingdezhen,Porcelain,Base,43,,Lotus bouquet?,1,Shufu shape,1411-IMG_3004.jpg1411-IMG_3005.jpg,,
1412,E22,B133,Stem bowl,,B&W,Jingdezhen,Porcelain,Base and stem,334,Lotus panels,Ducks in lotus pond chrysanthemum scroll,1,,1412-IMG_3010.jpg1412-IMG_3006.jpg1412-IMG_3007.jpg,,✓
1413,E23,B131,Vase,,B&W,Jingdezhen,Porcelain,Shoulder neck shard,30,Lotus panels plantain leaves,,1,Cylindrical neck,1413-IMG_3012.jpg1413-IMG_3011.jpg,,✓
1414,E23,B131,Vase,,B&W,Jingdezhen,Porcelain,Shard,24,Lotus panels scroll,,1,Faceted,1414-IMG_3014.jpg1414-IMG_3013.jpg,,
1415,E23,B131,Bowl,,B&W,Jingdezhen,Porcelain,Rim shard,11,Lotus scroll,Scroll,1,,1415-IMG_3016.jpg1415-IMG_3015.jpg,,
1416,E21,B125,Vase,,B&W,Jingdezhen,Porcelain,Shard,34,Leaf panels scroll,,1,Faceted luted,1416-IMG_3018.jpg1416-IMG_3017.jpg,,
1417,E21,B125,Vase,,B&W,Jingdezhen,Porcelain,Shard,33,,,1,,1417-IMG_3019.jpg1417-IMG_3020.jpg,,
1419,E21,B124,Vase,,B&W,Jingdezhen,Porcelain,Shard,29,Lotus panels frett work,,1,Faceted,1419-IMG_3023.jpg1419-IMG_3024.jpg,,
1420,F19,B139,Bowl,Medium,B&W,Jingdezhen,Porcelain,Base,236,Lotus panels,Ducks in lotus pond,1,,1420-IMG_3026.jpg1420-IMG_3025.jpg,,
1421,F19,B139,Bowl,,B&W,Jingdezhen,Porcelain,Shard,24,Lotus panels,Lotus pond,1,,1421-IMG_3027.jpg1421-IMG_3028.jpg,,
1422,D15,B011,Bowl,Medium,B&W,Jingdezhen,Porcelain,Base,242,Lotus panels,Ducks in lotus pond,1,,1422-IMG_3029.jpg1422-IMG_3030.jpg,,
1423,D15,B011,Bowls,,B&W,Jingdezhen,Porcelain,Shards,64,Lotus panels,,2,,1423-IMG_3032.jpg1423-IMG_3031.jpg,,
1424,E19,B106,Vase,,B&W,Jingdezhen,Porcelain,Shard,12,Lotus panels scroll,,1,Faceted,1424-IMG_3034.jpg1424-IMG_3033.jpg,,
1425,E19,B106,Bowl,,B&W,Jingdezhen,Porcelain,Shard,18,Lotus panels,,1,,1425-IMG_3035.jpg1425-IMG_3036.jpg,,
1426,E19,B106,Vase,,B&W,Jingdezhen,Porcelain,Shard,11,Peony?,,1,,1426-IMG_3038.jpg1426-IMG_3037.jpg,,
1427,E19,B107,Vase,,B&W,Jingdezhen,Porcelain,Shard,35,Waves reverse decorated scroll lotus panels,,1,,1427-IMG_3039.jpg1427-IMG_3040.jpg,,
1428,E19,B105,Bowls,,B&W,Jingdezhen,Porcelain,Shards,24,,,2,,1428-IMG_3042.jpg1428-IMG_3041.jpg,,
1429,E22,B132,Bowl,,B&W,Jingdezhen,Porcelain,Shard,18,Lotus panels lotus scroll,Scroll,1,,1429-IMG_3043.jpg1429-IMG_3044.jpg,,
1430,E22,B132,Bowl,,B&W,Jingdezhen,Porcelain,Shard,12,Lotus panels,,1,,1430-IMG_3045.jpg1430-IMG_3046.jpg,,
1431,E22,B128,Bowl,,B&W,Jingdezhen,Porcelain,Shard,15,Lotus panels,,1,,1431-IMG_3047.jpg1431-IMG_3048.jpg,,
1432,E21,B121,Guan?,,B&W,Jingdezhen,Porcelain,Shard,159,Peony,,1,,1432-IMG_3049.jpg1432-IMG_3050.jpg,,✓
1433,E21,B121,Bowls,,B&W,Jingdezhen,Porcelain,Shards,57,,,4,,1433-IMG_3052.jpg1433-IMG_3051.jpg,,
1434,E21,B121,Vases,,B&W,Jingdezhen,Porcelain,Shards,23,,,2,,1434-IMG_3054.jpg1434-IMG_3053.jpg,,
1435,E22,B133,Vase,,B&W,Jingdezhen,Porcelain,Shard,38,Chrysanthemum frett work,,1,Luting,1435-IMG_3055.jpg1435-IMG_3056.jpg,,
1436,E22,B133,Vase,,B&W,Jingdezhen,Porcelain,Shard,14,,,1,,1436-IMG_3058.jpg1436-IMG_3057.jpg,,
1437,E16,B075,Bowl,,B&W,Jingdezhen,Porcelain,Base,305,Lotus panels,Lotus pond,1,,1437-IMG_3060.jpg1437-IMG_3059.jpg,,✓
1438,E16,B075,Bowl,,B&W,Jingdezhen,Porcelain,Rim shard,10,Lotus panels,,1,,1438-IMG_3062.jpg1438-IMG_3061.jpg,,
1439,E16,B087,Ewer,,B&W,Jingdezhen,Porcelain,Handle shard,17,,,1,,1439-IMG_3064.jpg1439-IMG_3063.jpg,,✓
1440,E16,B080,Vase,,B&W,Jingdezhen,Porcelain,Shard,25,Lotus panels,,2,Faceted,1440-IMG_3067.jpg1440-IMG_3068.jpg,,
1441,E16,B080,Bowls,,B&W,Jingdezhen,Porcelain,Shards,26,,,2,,1441-IMG_3069.jpg1441-IMG_3070.jpg,,
1442,E21,B125,Dish,Medium,B&W,Jingdezhen,Porcelain,Base shard,128,Lotus panels,Chrysanthemum scroll?,1,,1442-IMG_2904.jpg1442-IMG_2903.jpg,,
1443,E16,B080,Vases,,B&W,Jingdezhen,Porcelain,Shards,42,,,3,,1443-IMG_3072.jpg1443-IMG_3071.jpg,,
1444,E20,B115,Bowl,Medium,B&W,Jingdezhen,Porcelain,Base,206,Lotus panels,Ducks in lotus pond,1,,1444-IMG_3074.jpg1444-IMG_3073.jpg,,
1445,E21,B124,Bowl,Medium,B&W,Jingdezhen,Porcelain,Base,243,Lotus panels lotus scroll,Lotus bouquet,1,,1445-IMG_3075.jpg1445-IMG_3076.jpg,,✓
1446,E21,B124,Bowls,,B&W,Jingdezhen,Porcelain,Shards,41,,,4,,1446-IMG_3077.jpg1446-IMG_3078.jpg,,
1447,E21,B124,Vase?,,B&W,Jingdezhen,Porcelain,Shard,82,Lotus panels with lotus,,1,,1447-IMG_3080.jpg1447-IMG_3079.jpg,,
1448,E21,B124,Bowl,,B&W,Jingdezhen,Porcelain,Base,132,Lotus petals,Fungus?,1,,1448-IMG_3081.jpg1448-IMG_3082.jpg,,
1449,E18,B100,Bowls,,B&W,Jingdezhen,Porcelain,Shards,29,,,4,,1449-IMG_3084.jpg1449-IMG_3085.jpg,,
1450,E19,B106,Bowl,Medium,B&W qingbai,Jingdezhen,Porcelain,Base,207,Lotus panels,Dragon moulded,1,Moulded qingbai. Anhua,1450-IMG_3087.jpg1450-IMG_3086.jpg,,✓
1451,E19,B106,Vase,,B&W,Jingdezhen,Porcelain,Base,87,Lotus panels linear,,1,Octagonal,1451-IMG_3089.jpg1451-IMG_3091.jpg1451-IMG_3088.jpg,,✓
1452,E19,B106,Cover,Small,B&W,Jingdezhen,Porcelain,Cover,9,Panels,,1,Knob broken off,1452-IMG_3093.jpg1452-IMG_3092.jpg,,✓
1453,E19,B106,Bowl,Small,B&W,Jingdezhen,Porcelain,Rim shard,3,Lotus,,1,Foliated rim,1453-IMG_3094.jpg1453-IMG_3095.jpg,,
1454,E19,B106,Bowls,,B&W,Jingdezhen,Porcelain,Shards,72,,,4,,1454-IMG_3097.jpg1454-IMG_3096.jpg,,
1455,E19,B106,Vase,,B&W,Jingdezhen,Porcelain,Shard,9,Lotus panels,,1,Cobalt diffused,1455-IMG_3099.jpg1455-IMG_3098.jpg,,
1456,E16,B079,Bowl,Medium,B&W,Jingdezhen,Porcelain,Base,217,Lotus panels,Ducks in lotus pond,1,,1456-IMG_3101.jpg1456-IMG_3100.jpg,,
1457,E11,B042,Ewer,,B&W,Jingdezhen,Porcelain,Spout shard,13,,,1,,1457-IMG_3102.jpg1457-IMG_3103.jpg,,✓
1458,E11,B042,Bowl,Small,B&W,Jingdezhen,Porcelain,Base,76,,Lotus,1,Shufu shape,1458-IMG_3105.jpg1458-IMG_3104.jpg,,✓
1459,E19,B109,Bowl,,B&W,Jingdezhen,Porcelain,Shard,12,Lotus panels,,1,,1459-IMG_2981.jpg1459-IMG_2982.jpg,,
1460,E21,B123,Bowl,,B&W,Jingdezhen,Porcelain,Shard,24,Lotus panels with symbols,,1,,1460-IMG_3107.jpg1460-IMG_3106.jpg,,
1461,E21,B123,Vases,,B&W,Jingdezhen,Porcelain,Shards,34,,,3,,1461-IMG_3108.jpg1461-IMG_3109.jpg,,
1462,D13,B013,Bowl,Medium,B&W,Jingdezhen,Porcelain,Base,174,Lotus panels,Ducks in lotus pond,1,,1462-IMG_3111.jpg1462-IMG_3110.jpg,,
1463,E22,B133,Dish,Small,B&W,Jingdezhen,Porcelain,Nearly intact,234,Chrysanthemum,Ducks in lotus pond chrysanthemum scroll,1,Eroded,1463-IMG_3120.jpg1463-IMG_3117.jpg1463-IMG_3114.jpg1463-IMG_3118.jpg,,✓
1464,E20,B113,Bowl,Medium,B&W,Jingdezhen,Porcelain,Base,179,Lotus panels,Morning glory,1,,1464-IMG_3122.jpg1464-IMG_3121.jpg,,
1465,E20,B113,Dish,Medium,B&W,Jingdezhen,Porcelain,Base shard,108,Lotus panels,Lotus pond lotus scroll,1,,1465-IMG_3123.jpg1465-IMG_3126.jpg,,
1466,E20,B113,Vases,,B&W,Jingdezhen,Porcelain,Shards,33,Dragon,,2,,1466-IMG_3128.jpg1466-IMG_3131.jpg,,
1467,E20,B113,Vases,,B&W,Jingdezhen,Porcelain,Shards,30,Phoenix?,,2,,1467-IMG_3132.jpg1467-IMG_3133.jpg,,
1468,E20,B113,Bowls,,B&W,Jingdezhen,Porcelain,,32,,,3,,1468-IMG_3136.jpg1468-IMG_3134.jpg,,
1469,E18,B101,Bowls,Small,B&W,Jingdezhen,Porcelain,Bases,157,,Ducks in lotus pond / lotus bouquet,2,Shufu shape,1469-IMG_3251.jpg1469-IMG_3250.jpg,,✓
1471,E19,B106,Bowls,Medium,B&W,Jingdezhen,Porcelain,Bases,343,Lotus panels,Ducks in lotus pond,3,,1471-IMG_3157.jpg1471-IMG_3158.jpg,,
1472,E19,B106,Bowls,Medium,B&W,Jingdezhen,Porcelain,Bases,286,Lotus panels,Lotus,2,,1472-IMG_3161.jpg1472-IMG_3162.jpg,,
1473,E19,B106,Bowl,Medium,B&W,Jingdezhen,Porcelain,Base,211,Lotus panels,Lotus bouquet,1,,1473-IMG_3164.jpg1473-IMG_3163.jpg,,
1474,E16,B080,Bowl,Medium,B&W,Jingdezhen,Porcelain,Bases,351,Lotus panels,Ducks in lotus pond,2,,1474-IMG_3165.jpg1474-IMG_3167.jpg,,
1475,E16,B080,Bowl,,B&W,Jingdezhen,Porcelain,Shard,33,Flaming pearl,,1,Applique,1475-IMG_3169.jpg1475-IMG_3170.jpg1475-IMG_3168.jpg,,✓
1476,E16,B080,Vase,,B&W,Jingdezhen,Porcelain,Shard,17,Flaming pearl?,,1,,1476-IMG_3172.jpg1476-IMG_3171.jpg,,
1477,E20,B113,Vases,,B&W,Jingdezhen,Porcelain,Shards,26,,Ducks in lotus pond,2,,1477-IMG_3173.jpg1477-IMG_3174.jpg,,
1478,E20,B113,Bowls,,B&W,Jingdezhen,Porcelain,Shards,89,,,6,,1478-IMG_3176.jpg1478-IMG_3178.jpg,,
1481,E20,B113,Jarlet,Small,B&W,Jingdezhen,Porcelain,Shard,8,Leaves,,1,Beaded ribs,1481-IMG_3186.jpg1481-IMG_3184.jpg,,
1482,E20,B113,Bowl,Medium,B&W,Jingdezhen,Porcelain,Base,198,Lotus panels,Dragon,1,3 claw,1482-IMG_3187.jpg1482-IMG_3188.jpg,,✓
1483,E20,B113,Bowl,Medium,B&W,Jingdezhen,Porcelain,Base,175,Lotus panels,Lotus bouquet,1,,1483-IMG_3189.jpg1483-IMG_3190.jpg,,
1484,E20,B113,Bowl,Medium,B&W,Jingdezhen,Porcelain,Base half,206,Lotus panels,Ducks in lotus pond,1,,1484-IMG_3196.jpg1484-IMG_3195.jpg1484-IMG_3193.jpg1484-IMG_3194.jpg,,
1485,E18,B101,Dish?,Small,B&W,Jingdezhen,Porcelain,Base shard?,11,,Ducks in lotus pond,1,Flat thin,1485-IMG_3204.jpg1485-IMG_3201.jpg,,✓
1486,E18,B101,Vase?,,B&W,Jingdezhen,Porcelain,Base shard?,15,Scroll,,1,,1486-IMG_3206.jpg1486-IMG_3207.jpg1486-IMG_3205.jpg,,
1487,E18,B101,Vase,,B&W,Jingdezhen,Porcelain,Shard,33,Peony?,,1,Faceted luted,1487-IMG_3211.jpg1487-IMG_3213.jpg,,
1488,E18,B101,Vase,,B&W,Jingdezhen,Porcelain,Shard,6,Phoenix?,,1,Faceted,1488-IMG_3215.jpg1488-IMG_3214.jpg,,
1489,E18,B101,Vase,,B&W,Jingdezhen,Porcelain,Shard,5,,,1,Both sides glazed,1489-IMG_3217.jpg1489-IMG_3216.jpg,,
1490,E18,B101,Bowls,,B&W,Jingdezhen,Porcelain,Shards,48,,,6,,1490-IMG_3220.jpg1490-IMG_3221.jpg,,
1491,E18,B101,Bowl,Medium,B&W,Jingdezhen,Porcelain,Base shard,105,Lotus panels,Double vajra,1,,1491-IMG_3222.jpg1491-IMG_3225.jpg,,
1492,E18,B101,Dish,Medium,B&W,Jingdezhen,Porcelain,Base shard,130,Lotus panels,Lotus pond,1,,1492-IMG_3227.jpg1492-IMG_3226.jpg,,
1493,E18,B101,Bowl,Small,B&W,Jingdezhen,Porcelain,Base,82,,Lotus bouquet,1,,1493-IMG_3229.jpg1493-IMG_3228.jpg,,
1494,E18,B101,Bowl,Medium,B&W,Jingdezhen,Porcelain,Base,141,,Ducks in lotus pond,1,,1494-IMG_3230.jpg1494-IMG_3233.jpg,,
1495,E18,B101,Bowl,Medium,B&W,Jingdezhen,Porcelain,Base,159,,Morning glory?,1,,1495-IMG_3234.jpg,,
1501,E18,B101,Bowl,Small,B&W,Jingdezhen,Porcelain,Base,67,,Lotus bouquet,1,Shufu shape,1501-IMG_3252.jpg1501-IMG_3253.jpg1501-IMG_3254.jpg,,✓
1502,E18,B101,Bowls,,B&W,Jingdezhen,Porcelain,Shards,39,,,2,,1502-IMG_3255.jpg1502-IMG_3256.jpg,,
1503,E18,B101,Vases,,B&W,Jingdezhen,Porcelain,Shards,14,Ducks in lotus pond,,2,,1503-IMG_3257.jpg1503-IMG_3258.jpg,,
1504,E21,B124,Bowl,,B&W,Jingdezhen,Porcelain,Shard,16,Lotus panels,Lotus pond,1,,1504-IMG_3259.jpg1504-IMG_3260.jpg,,
1505,E21,B124,Bowl,Medium,B&W,Jingdezhen,Porcelain,Base,258,Lotus panels,Double vajra,1,Vajra is outline only,1505-IMG_3262.jpg1505-IMG_3261.jpg,,✓
1506,E21,B124,Bowl,Medium,B&W,Jingdezhen,Porcelain,Base,339,Lotus panels,Ducks in lotus pond,1,,1506-IMG_3264.jpg1506-IMG_3263.jpg,,✓
1507,E19,B107,Ewer?,,B&W,Jingdezhen,Porcelain,Shard,25,,Lotus bouquet,1,Tiered around decoration outline,1507-IMG_3266.jpg1507-IMG_3267.jpg,,✓
1508,E19,B107,Ewer,,B&W,Jingdezhen,Porcelain,Handle shard,12,,,1,,1508-IMG_3268.jpg1508-IMG_3269.jpg,,✓
1509,E19,B107,Bowls,Medium,B&W,Jingdezhen,Porcelain,Bases,196,Lotus panels,Ducks in lotus pond,2,,1509-IMG_3270.jpg1509-IMG_3271.jpg,,
1510,E19,B107,Vases,,B&W,Jingdezhen,Porcelain,Shards,23,,,3,,1510-IMG_3274.jpg1510-IMG_3273.jpg,,
1511,E19,B107,Bowls,,B&W,Jingdezhen,Porcelain,Shards,104,,,8,,1511-IMG_3276.jpg,,
1512,E21,B123,Jarlet,,B&W,Jingdezhen,Porcelain,Shard,9,Leaves,,1,Beaded ribs,1512-IMG_3279.jpg1512-IMG_3278.jpg,,
1513,E21,B123,Bowl,Small,B&W,Jingdezhen,Porcelain,Base,99,,Lotus bouquet,1,shufu shape?,1513-IMG_3281.jpg1513-IMG_3280.jpg,,
1514,E21,B123,Bowl,Medium,B&W,Jingdezhen,Porcelain,Base shard,76,Lotus panels,Ducks in lotus pond,1,,1514-IMG_3282.jpg1514-IMG_3283.jpg,,
1515,E21,B123,Vase,,B&W,Jingdezhen,Porcelain,Shard,9,,,1,,1515-IMG_3284.jpg1515-IMG_3285.jpg,,
1516,E21,B123,Bowls,,B&W,Jingdezhen,Porcelain,Shards,57,,,10,,1516-IMG_3287.jpg1516-IMG_3286.jpg,,
1517,E22,B133,Bowl,,B&W,Jingdezhen,Porcelain,Base,142,Lotus petals,Peony?,1,,1517-IMG_3288.jpg1517-IMG_3289.jpg,,
1518,E22,B133,Bowl,Small,B&W,Jingdezhen,Porcelain,Shard,2,,Chrystanthemum?,1,Shufu shape,1518-IMG_3292.jpg1518-IMG_3291.jpg,,
1519,E22,B133,Bowl,Medium,B&W,Jingdezhen,Porcelain,Base,147,Lotus panels,Ducks in lotus pond,1,,1519-IMG_3294.jpg1519-IMG_3293.jpg,,
1520,E22,B133,Vase,,B&W,Jingdezhen,Porcelain,Shard,15,Lotus panels frett work,,1,Faceted luted,1520-IMG_3296.jpg1520-IMG_3295.jpg,,
1521,E22,B133,Vase,,B&W,Jingdezhen,Porcelain,Shard,12,Scroll,,1,,1521-IMG_3298.jpg1521-IMG_3297.jpg,,
1522,E22,B133,Bowls,,B&W,Jingdezhen,Porcelain,Shards,25,Lotus panels,Chrysanthemum,4,,1522-IMG_3299.jpg1522-IMG_3300.jpg,,
1523,E11,B040,Cover?,,B&W,Jingdezhen,Porcelain,Shard,11,,Chrysanthemum,1,Tiered along decoration border,1523-IMG_3302.jpg1523-IMG_3301.jpg,,✓
1524,E11,B040,Vase,,B&W,Jingdezhen,Porcelain,Shard,14,Dragon,,1,,1524-IMG_3303.jpg1524-IMG_3304.jpg,,✓
1525,E11,B040,Bowl,,B&W,Jingdezhen,Porcelain,Shard,22,,,1,Coral encrusted,1525-IMG_3306.jpg1525-IMG_3305.jpg,,
1526,E19,B108,Bowl,Medium,B&W,Jingdezhen,Porcelain,Base,288,Lotus panels,Ducks in lotus pond,1,,1526-IMG_3308.jpg1526-IMG_3307.jpg,,
1527,E19,B108,Bowl,Medium,B&W,Jingdezhen,Porcelain,Base,162,Lotus panels,Ducks in lotus pond,1,,1527-IMG_3309.jpg1527-IMG_3310.jpg,,
1528,E19,B108,Vase,,B&W,Jingdezhen,Porcelain,Shard,19,Ruyi lappets?,,1,Faceted,1528-IMG_3312.jpg1528-IMG_3311.jpg,,
1529,E19,B108,Vase,,B&W,Jingdezhen,Porcelain,Shard,9,Lotus panels,,1,,1529-IMG_3313.jpg1529-IMG_3314.jpg,,
1530,E19,B108,Bowl,,B&W,Jingdezhen,Porcelain,Rim shard,27,Lotus scroll,Chrysanthemum,1,,1530-IMG_3316.jpg1530-IMG_3315.jpg,,
1531,E11,B040,Cover?,,B&W,Jingdezhen,Porcelain,Shard,16,,,1,Tiered eroded,1531-IMG_3318.jpg1531-IMG_3317.jpg,,
1532,E11,B040,Guan?,,B&W,Jingdezhen,Porcelain,Shard,50,Lotus panels frett work,,1,,1532-IMG_3319.jpg1532-IMG_3320.jpg,,
1533,E11,B040,Vase,,B&W,Jingdezhen,Porcelain,Shard,27,Lotus panles leaves reverse decorated,,1,Cross hatched background,1533-IMG_3322.jpg1533-IMG_3321.jpg,,✓
1534,E11,B040,Bowl,Medium,B&W,Jingdezhen,Porcelain,Base,115,,Ducks in lotus pond,1,,1534-IMG_3326.jpg1534-IMG_3327.jpg,,
1536,E11,B042,Bowl,,B&W,Jingdezhen,Porcelain,Shard,26,Lotus panels,,1,Eroded,1536-IMG_3329.jpg1536-IMG_3328.jpg,,
1537,E11,B043,Vase,,B&W,Jingdezhen,Porcelain,Shard,13,Fungus in panels? scroll,,1,Faceted,1537-IMG_3331.jpg1537-IMG_3330.jpg,,
1538,E11,B043,Vase,,B&W,Jingdezhen,Porcelain,Shard,14,Peony?,,1,,1538-IMG_3332.jpg1538-IMG_3333.jpg,,
1539,E11,B043,Bowls,,B&W,Jingdezhen,Porcelain,Shards,13,,,3,,1539-IMG_3335.jpg1539-IMG_3334.jpg,,
1540,E21,B124,Bowls,,B&W,Jingdezhen,Porcelain,Shards,78,Lizard applique? flaming pearl?,Floral,2,Tail and feet remain,1540-IMG_3336.jpg1540-IMG_3337.jpg,,✓
1541,E21,B124,Bowl,,B&W,Jingdezhen,Porcelain,Shard,58,Lotus panels,Lotus pond,1,,1541-IMG_3339.jpg1541-IMG_3338.jpg,,
1542,E21,B124,Guan,,B&W,Jingdezhen,Porcelain,Base shard,126,Lotus panels,,1,Faceted - octagonal?,1542-IMG_3340.jpg1542-IMG_3341.jpg1542-IMG_3342.jpg,,
1543,E21,B124,Bowl,Medium,B&W,Jingdezhen,Porcelain,Base,163,Lotus panels,Ducks in lotus pond,1,,1543-IMG_3344.jpg1543-IMG_3343.jpg,,
1544,E21,B124,Bowl,,B&W,Jingdezhen,Porcelain,Shard,40,Lotus panels,Lotus pond,1,,1544-IMG_3347.jpg1544-IMG_3346.jpg,,
1545,E21,B123,Vase,,B&W,Jingdezhen,Porcelain,Shard,30,Phoenix?,,1,,1545-IMG_3348.jpg1545-IMG_3349.jpg,,
1546,E21,B123,Vase?,,B&W,Jingdezhen,Porcelain,Base shard,40,Lotus panels,,1,Footring broken off,1546-IMG_3351.jpg1546-IMG_3350.jpg,,✓
1547,E21,B123,Bowl,Medium,B&W,Jingdezhen,Porcelain,Base,159,Lotus panels,Ducks in lotus pond,1,,1547-IMG_3353.jpg1547-IMG_3352.jpg,,
1548,E18,B100,Vase,,B&W,Jingdezhen,Porcelain,Base,92,Lotus panels frett work,,1,High foot ring,1548-IMG_3357.jpg1548-IMG_3355.jpg1548-IMG_3354.jpg,,✓
1549,E18,B100,Vase,,B&W,Jingdezhen,Porcelain,Shard,17,Lotus panels,,1,,1549-IMG_3358.jpg1549-IMG_3359.jpg,,
1550,E18,B100,Cover,,B&W,Jingdezhen,Porcelain,Rim shard,5,Frett work scroll,,1,Flat top,1550-IMG_3360.jpg1550-IMG_3361.jpg,,✓
1551,E22,B135,Guan,,B&W,Jingdezhen,Porcelain,Base shard?,41,,,1,,1551-IMG_3362.jpg1551-IMG_3363.jpg,,✓
1552,E22,B133,Bowls,,B&W,Jingdezhen,Porcelain,Shards,126,Lotus panels,Lotus pond,2,,1552-IMG_3364.jpg1552-IMG_3365.jpg,,
1553,E22,B133,Bowls,,B&W,Jingdezhen,Porcelain,Rim shard,19,Fungus band lotus panels,Scroll,1,,1553-IMG_3367.jpg1553-IMG_3366.jpg,,
1554,E19,B108,Vase?,,B&W,Jingdezhen,Porcelain,Shard,152,Lotus panels scroll,,1,Cylindrical,1554-IMG_3369.jpg1554-IMG_3368.jpg,,✓
1555,E19,B108,Vase,,B&W,Jingdezhen,Porcelain,Shard,8,Lotus petals?,,1,Faceted,1555-IMG_3371.jpg1555-IMG_3370.jpg,,
1556,E19,B108,Bowl,,B&W,Jingdezhen,Porcelain,Shard,29,Lotus panels,Leaves,1,,1556-IMG_3372.jpg1556-IMG_3373.jpg,,
1557,E19,B108,Vase,,B&W,Jingdezhen,Porcelain,Shard,13,Ducks in lotus pond,,1,,1557-IMG_3374.jpg1557-IMG_3375.jpg,,
1558,E21,B120,Bowl,,B&W,Jingdezhen,Porcelain,Base shard,69,Lotus panels,Dragon,1,3 claw tiered in caveto,1558-IMG_3376.jpg1558-IMG_3377.jpg,,✓
1559,E21,B120,Guan,,B&W,Jingdezhen,Porcelain,Shard,92,Peony?,,1,,1559-IMG_3379.jpg1559-IMG_3378.jpg,,
1560,E21,B120,Vase,,B&W,Jingdezhen,Porcelain,Shard,7,Panels frett work,,1,Faceted,1560-IMG_3380.jpg1560-IMG_3381.jpg,,
1561,E18,B101,Bowl,Small,B&W,Jingdezhen,Porcelain,Base,66,,Lotus bouquet,1,,1561-IMG_3382.jpg1561-IMG_3383.jpg,,
1562,E18,B101,Vases,,B&W,Jingdezhen,Porcelain,Shards,20,Panels scroll,,2,Faceted,1562-IMG_3384.jpg1562-IMG_3385.jpg,,
1563,E18,B101,Vases,,B&W,Jingdezhen,Porcelain,Shards,8,,,2,,1563-IMG_3387.jpg1563-IMG_3386.jpg,,
1564,E18,B101,Bowls,,B&W,Jingdezhen,Porcelain,Shards,29,,,3,,1564-IMG_3389.jpg1564-IMG_3388.jpg,,
1565,E21,B121,Bowl,Medium,B&W,Jingdezhen,Porcelain,Base,141,,Ducks in lotus pond,1,Eroded,1565-IMG_3391.jpg1565-IMG_3390.jpg,,
1566,E21,B121,Bowl,,B&W,Jingdezhen,Porcelain,Shard,10,Lotus panels,Lotus,1,Eroded,1566-IMG_3393.jpg1566-IMG_3392.jpg,,
1567,E20,B115,Cover,,B&W,Jingdezhen,Porcelain,Rim shard,4,Panels,,1,,1567-IMG_3395.jpg1567-IMG_3394.jpg,,✓
1568,E20,B115,Vases,,B&W,Jingdezhen,Porcelain,Shards,25,,,2,,1568-IMG_3398.jpg1568-IMG_3397.jpg,,
1569,E19,B107,Ewer,,B&W,Jingdezhen,Porcelain,Handle shard,18,Lines,,1,,1569-IMG_3399.jpg1569-IMG_3400.jpg,,
1570,E20,B113,Vase,,B&W,Jingdezhen,Porcelain,Shard,23,Ruyi lappet scrolls,,1,,1570-IMG_3403.jpg1570-IMG_3402.jpg,,
1571,E20,B113,Vase,,B&W,Jingdezhen,Porcelain,Shard,10,Lotus panels scroll,,1,Faceted,1571-IMG_3405.jpg1571-IMG_3404.jpg,,
1572,E20,B113,Bowl,Medium,B&W,Jingdezhen,Porcelain,Base shard,82,,Ducks in lotus pond,1,Eroded,1572-IMG_3407.jpg1572-IMG_3406.jpg,,
1573,E20,B113,Vases,,B&W,Jingdezhen,Porcelain,Shards,46,,,2,Eroded,1573-IMG_3409.jpg1573-IMG_3408.jpg,,
1574,E20,B113,Bowl,,B&W,Jingdezhen,Porcelain,Shard,3,,,1,,1574-IMG_3411.jpg1574-IMG_3410.jpg,,
1576,E18,B100,Bowl,,B&W,Jingdezhen,Porcelain,Base,178,Lotus panels,,1,Eroded,1576-IMG_3415.jpg1576-IMG_3414.jpg,,
1577,E19,B107,Vase,,B&W,Jingdezhen,Porcelain,Shard,11,Lotus panels peony?,,1,Luted,1577-IMG_3416.jpg1577-IMG_3417.jpg,,
1579,E21,B123,Vase,,B&W,Jingdezhen,Porcelain,Shard,29,Phoenix? lotus panels,,1,,1579-IMG_3421.jpg1579-IMG_3420.jpg,,✓
1580,E21,B123,Vase,,B&W,Jingdezhen,Porcelain,Shard,37,Lotus,,1,,1580-IMG_3422.jpg1580-IMG_3424.jpg,,
1581,E21,B123,Bowl,,B&W,Jingdezhen,Porcelain,Shard,21,Lotus panels,Ducks in lotus pond,1,,1581-IMG_3426.jpg1581-IMG_3425.jpg,,
1582,E21,B121,Bowl,,B&W,Jingdezhen,Porcelain,,40,Lotus panels,,1,,1582-IMG_3428.jpg1582-IMG_3427.jpg,,
1583,E21,B121,Vase?,,B&W,Jingdezhen,Porcelain,Shard,5,,,1,Glazed both sides,1583-IMG_3429.jpg1583-IMG_3430.jpg,,
1584,E18,B101,Vase,,B&W,Jingdezhen,Porcelain,Shard,7,,,1,Faceted eroded,1584-IMG_3431.jpg1584-IMG_3432.jpg,,
1585,E18,B101,Vase,,B&W,Jingdezhen,Porcelain,Shard,7,Lotus,,1,,1585-IMG_3433.jpg1585-IMG_3434.jpg,,
1586,E21,B120,Bowl,,B&W,Jingdezhen,Porcelain,Shard,8,Lotus panels,,1,,1586-IMG_3435.jpg1586-IMG_3436.jpg,,
1587,E21,B124,Vase,,B&W,Jingdezhen,Porcelain,Rim neck shard,5,,,1,Small diameter,1587-IMG_3437.jpg1587-IMG_3438.jpg,,✓
1591,F19,B137,Vase,,B&W,Jingdezhen,Porcelain,Base,168,Lotus panels,,1,,1591-IMG_3445.jpg1591-IMG_3446.jpg,,
1592,F19,B137,Bowl,Medium,B&W,Jingdezhen,Porcelain,Base,189,,Lotus,1,,1592-IMG_3447.jpg1592-IMG_3448.jpg,,
1593,E21,B122,Guan?,,B&W,Jingdezhen,Porcelain,Shard,47,Peony?,,1,,1593-IMG_3450.jpg1593-IMG_3449.jpg,,
1594,E21,B122,Vase,,B&W,Jingdezhen,Porcelain,Shard,21,Ruyi lappet frett work,,1,,1594-IMG_3452.jpg1594-IMG_3451.jpg,,
1595,E21,B122,Vase,,B&W,Jingdezhen,Porcelain,Shard,10,Lotus panels,,1,,1595-IMG_3454.jpg1595-IMG_3453.jpg,,
1596,E21,B122,Bowl,Small,B&W,Jingdezhen,Porcelain,Shard,3,Leaves,,1,Fine,1596-IMG_3455.jpg1596-IMG_3456.jpg,,
1598,F20,B140,Bowl,Medium,B&W,Jingdezhen,Porcelain,Base,91,,Floral,1,,1598-IMG_3461.jpg1598-IMG_3460.jpg,,
1599,F20,B140,Vase,,B&W,Jingdezhen,Porcelain,Shard,17,Lotus pond,,1,,1599-IMG_3462.jpg1599-IMG_3463.jpg,,
1600,F20,B140,Vase,,B&W,Jingdezhen,Porcelain,Shard,13,Peony lotus petals,,1,,1600-IMG_3465.jpg1600-IMG_3464.jpg,,
1601,E21,B126,Guan?,,B&W,Jingdezhen,Porcelain,Shard,98,Vines,,1,,1601-IMG_3467.jpg1601-IMG_3466.jpg,,
1602,E21,B126,Bowl,,B&W,Jingdezhen,Porcelain,Shard,36,Lotus panels,Double vajra?,1,,1602-IMG_3469.jpg1602-IMG_3468.jpg,,
1603,E21,B126,Vase,,B&W,Jingdezhen,Porcelain,Shard,16,,,1,,1603-IMG_3470.jpg1603-IMG_3471.jpg,,
1604,E21,B126,Bowl,Medium,B&W,Jingdezhen,Porcelain,Base,103,,Lotus pond,1,Eroded,1604-IMG_3473.jpg1604-IMG_3472.jpg,,
1605,E21,B126,Bowl,,B&W,Jingdezhen,Porcelain,Rim shard,9,Lotus panels,Leaves,1,,1605-IMG_3475.jpg1605-IMG_3474.jpg,,
1607,F19,B138,Cup,Small,B&W,Jingdezhen,Porcelain,Shards,29,Leaves,Chrysanthemum,2,,1607-IMG_3479.jpg1607-IMG_3480.jpg,,
1608,F19,B138,Vase,,B&W,Jingdezhen,Porcelain,Shard,6,,,2,Cobalt diffused,1608-IMG_3481.jpg1608-IMG_3482.jpg,,
1609,F19,B138,Vase,,B&W,Jingdezhen,Porcelain,Shard,17,Bird frett work,,1,,1609-IMG_3484.jpg1609-IMG_3483.jpg,,
1610,E21,B125,Vase,,B&W,Jingdezhen,Porcelain,Shard,12,Fungus?,,1,Fired black,1610-IMG_3486.jpg1610-IMG_3485.jpg,,
1611,E21,B125,Bowl,,B&W,Jingdezhen,Porcelain,Shard,23,Lotus panels,Lotus pond,1,,1611-IMG_3488.jpg1611-IMG_3487.jpg,,
1612,E22,B128,Vase,,B&W,Jingdezhen,Porcelain,Rim shard?,16,Lotus petals,,1,Neck?,1612-IMG_3490.jpg1612-IMG_3489.jpg,,
1613,F19,B136,Bowl,,B&W,Jingdezhen,Porcelain,Shard,24,Lotus panels,Lotus pond,1,,1613-IMG_3492.jpg1613-IMG_3491.jpg,,
1614,E21,B124,Vase,,B&W,Jingdezhen,Porcelain,Shard,12,Phoenix?,,1,,1614-IMG_3494.jpg1614-IMG_3493.jpg,,
1615,F19,B139,Bowl,,B&W,Jingdezhen,Porcelain,Shard,21,Lotus panels lotus,Lotus pond,1,,1615-IMG_3497.jpg1615-IMG_3495.jpg,,
1616,E17,B095,Vase,,B&W,Jingdezhen,Porcelain,Shard,13,Panels frett work,,1,Faceted,1616-IMG_3527.jpg1616-IMG_3526.jpg,,
1618,E17,B095,Bowl,Medium,B&W,Jingdezhen,Porcelain,Base,183,Lotus panels,Ducks in lotus pond,1,,1618-IMG_3504.jpg1618-IMG_3503.jpg,,
1619,E17,B095,Bowl,Medium,B&W,Jingdezhen,Porcelain,Base,157,,Ducks in lotus pond,1,,1619-IMG_3505.jpg1619-IMG_3506.jpg,,
1620,E17,B095,Bowl,Medium,B&W,Jingdezhen,Porcelain,Base,254,Lotus panels,Lotus bouquet leaf band,1,,1620-IMG_3507.jpg1620-IMG_3508.jpg,,✓
1621,E17,B091,Guan?,,B&W,Jingdezhen,Porcelain,Shard,184,Lotus panels,,1,Eroded,1621-IMG_3512.jpg1621-IMG_3511.jpg,,
1622,E17,B091,Bowl,Medium,B&W,Jingdezhen,Porcelain,Base,272,Lotus panels,Ducks in lotus pond,1,Coral encrusted,1622-IMG_3753.jpg1622-IMG_3515.jpg,,
1623,E17,B091,Bowl,Medium,B&W,Jingdezhen,Porcelain,Base,170,Lotus panels,Ducks in lotus pond,1,,1623-IMG_3517.jpg1623-IMG_3516.jpg,,
1624,E17,B091,Dish,Medium,B&W,Jingdezhen,Porcelain,Base shard,212,,Floral,1,Eroded coral encrusted,1624-IMG_3519.jpg1624-IMG_3518.jpg,,
1625,E17,B095,Bowl,,B&W,Jingdezhen,Porcelain,Shard,48,Lotus panels lotus,,1,,1625-IMG_3522.jpg1625-IMG_3523.jpg,,
1626,E17,B095,Bowl,,B&W,Jingdezhen,Porcelain,Rim shard,34,Scroll,Leaf band,1,,1626-IMG_3530.jpg1626-IMG_3531.jpg,,
1627,E17,B095,Bowls,,B&W,Jingdezhen,Porcelain,Shards,11,,,2,,1627-IMG_3533.jpg1627-IMG_3532.jpg,,
1628,E17,B095,Vase,,B&W,Jingdezhen,Porcelain,Shard,5,,,1,Cobalt diffused,1628-IMG_3535.jpg1628-IMG_3534.jpg,,
1629,E17,B095,Bowl,,B&W,Jingdezhen,Porcelain,Shard,12,Lotus,Scroll,1,,1629-IMG_3538.jpg1629-IMG_3539.jpg,,
1630,E17,B094,Jarlet,Small,B&W,Jingdezhen,Porcelain,Shard,13,Hydrangea?,,1,Beaded ribs luted,1630-IMG_3542.jpg1630-IMG_3543.jpg,,✓
1631,E17,B094,Vases,,B&W,Jingdezhen,Porcelain,Shards,20,Lotus,,3,,1631-IMG_3544.jpg1631-IMG_3545.jpg,,
1632,E17,B094,Bowl,,B&W,Jingdezhen,Porcelain,Shard,6,,,1,,1632-IMG_3546.jpg1632-IMG_3547.jpg,,
1633,E17,B091,Vases,,B&W,Jingdezhen,Porcelain,Shards,33,,,3,,1633-IMG_3551.jpg1633-IMG_3550.jpg,,
1634,E17,B091,Vase,,B&W,Jingdezhen,Porcelain,Shard,27,Lotus panels,,1,,1634-IMG_3552.jpg1634-IMG_3553.jpg,,✓
1635,E17,B091,Bowl,,B&W,Jingdezhen,Porcelain,Shard,9,Lotus panels,,1,,1635-IMG_3555.jpg1635-IMG_3554.jpg,,
1636,E17,B091,Cup,Small,B&W,Jingdezhen,Porcelain,Base,16,,,1,Eroded,1636-IMG_3556.jpg1636-IMG_3557.jpg,,
1637,E17,B097,Vases,,B&W,Jingdezhen,Porcelain,Shards,27,,,2,,1637-IMG_3560.jpg1637-IMG_3561.jpg,,
1638,E17,B096,Cup,,B&W,Jingdezhen,Porcelain,Shard,4,Chrysanthemum,,1,,1638-IMG_3564.jpg1638-IMG_3565.jpg,,
1639,E17,B096,Bowls,,B&W,Jingdezhen,Porcelain,Shards,17,,,4,,1639-IMG_3567.jpg1639-IMG_3566.jpg,,
1640,I12/I13,B062,Vase,,B&W,Jingdezhen,Porcelain,Shard,7,Panels,,1,Faceted,1640-IMG_3570.jpg1640-IMG_3571.jpg,,
1641,I12/I13,B062,Vase,,B&W,Jingdezhen,Porcelain,Neck shard,4,Lotus panels,,1,,1641-IMG_3572.jpg1641-IMG_3573.jpg,,
1642,I12/I13,B062,Vase,,B&W,Jingdezhen,Porcelain,Shard,2,Bird,,1,,1642-IMG_3574.jpg1642-IMG_3575.jpg,,
1643,I12/I13,B062,Bowl,Medium,B&W,Jingdezhen,Porcelain,Base,127,Lotus panels,Ducks in lotus pond,1,,1643-IMG_3576.jpg1643-IMG_3577.jpg,,
1644,I12/I13,B062,Bowl,,B&W,Jingdezhen,Porcelain,Rim shard,40,Lotus band lotus panels,Chrysanthemum band,1,,1644-IMG_3579.jpg1644-IMG_3578.jpg,,
1645,I12/I13,B062,Vases,,B&W,Jingdezhen,Porcelain,Shards,64,,,3,,1645-IMG_3581.jpg1645-IMG_3580.jpg,,
1646,E15,B063,Guan?,,B&W,Jingdezhen,Porcelain,Shard,66,Lotus panels scroll,,1,,1646-IMG_3585.jpg1646-IMG_3584.jpg,,
1647,I12/I13,B062,Ewer,,B&W,Jingdezhen,Porcelain,Handle shard,37,Scroll lotus panels,,1,,1647-IMG_3569.jpg1647-IMG_3568.jpg,,✓
1650,E16,B090,Vase,,B&W,Jingdezhen,Porcelain,Shard,89,Chrysanthemum and lotus  in panels,,1,Lobed,1650-IMG_3591.jpg1650-IMG_3592.jpg,,
1651,E15,B057,Bowl,Medium,B&W,Jingdezhen,Porcelain,Base,164,Lotus petals,Lotus,1,,1651-IMG_3594.jpg1651-IMG_3593.jpg,,
1652,E15,B055,Bowl,Medium,B&W,Jingdezhen,Porcelain,Base,211,,Double vajra,1,,1652-IMG_3596.jpg1652-IMG_3595.jpg,,✓
1653,E15,B057,Bowl,Medium,B&W,Jingdezhen,Porcelain,Base,232,Lotus panels,Dragon,1,3 claw cross hatched scales,1653-IMG_3598.jpg1653-IMG_3597.jpg,,✓
1656,E16,B2?,Bowl,Medium,B&W,Jingdezhen,Porcelain,Base,181,Lotus panels,Ducks in lotus pond,1,,1656-IMG_3608.jpg1656-IMG_3607.jpg,,
1657,E16,B2?,Jarlet?,Small,B&W,Jingdezhen,Porcelain,Base shard,21,Lotus panels,,1,,1657-IMG_3609.jpg1657-IMG_3610.jpg,,
1658,E16,B2?,Vases,,B&W,Jingdezhen,Porcelain,Shards,9,Pine,,2,,1658-IMG_3611.jpg1658-IMG_3612.jpg,,
1659,E16,B2?,Bowl,Small,B&W,Jingdezhen,Porcelain,Rim shard,10,Chrysanthemum,Frett work,1,Broken in 2,1659-IMG_3613.jpg1659-IMG_3614.jpg,,
1663,F19,B135,Vases,,B&W,Jingdezhen,Porcelain,Shards,30,,,3,,1663-IMG_3621.jpg1663-IMG_3622.jpg,,
1664,F19,B135,Bowl,,B&W,Jingdezhen,Porcelain,Shard,2,,,1,,1664-IMG_3623.jpg1664-IMG_3624.jpg,,
1665,E16,B5?,Vase,,B&W,Jingdezhen,Porcelain,Shard,29,Lotus panels scroll,,1,,1665-IMG_3626.jpg1665-IMG_3625.jpg,,
1667,D15,B3?,Vase,,B&W,Jingdezhen,Porcelain,Shard,16,Floral in panels,,1,Faceted,1667-IMG_3630.jpg1667-IMG_3629.jpg,,
1668,D15,B3?,Bowls,,B&W,Jingdezhen,Porcelain,Shards,11,,,2,,1668-IMG_3631.jpg1668-IMG_3632.jpg,,
1669,E20,B116,Vase,,B&W,Jingdezhen,Porcelain,Shard,25,Dragon?,,1,,1669-IMG_3634.jpg1669-IMG_3633.jpg,,✓
1671,E20,B116,Cover?,,B&W,Jingdezhen,Porcelain,Shard,10,,,1,Eroded luted,1671-IMG_3637.jpg1671-IMG_3638.jpg,,
1672,F19,B134,Bowl,,B&W,Jingdezhen,Porcelain,Shard,6,,,1,,1672-IMG_3640.jpg1672-IMG_3639.jpg,,
1673,F19,B134,Vase,,B&W,Jingdezhen,Porcelain,Shard,4,Peony?,,1,,1673-IMG_3641.jpg1673-IMG_3642.jpg,,
1674,E16,B078,Bowl,Medium,B&W,Jingdezhen,Porcelain,Base,149,Lotus panels,Ducks in lotus pond,1,,1674-IMG_3645.jpg1674-IMG_3646.jpg,,
1675,E16,B078,Bowl,Small,B&W,Jingdezhen,Porcelain,Bases,157,,Ducks in lotus pond,2,Shufu shape,1675-IMG_3648.jpg1675-IMG_3647.jpg,,
1676,E16,B078,Bowl,Small,B&W,Jingdezhen,Porcelain,Base,99,,Lotus bouquet,1,Shufu shape,1676-IMG_3649.jpg1676-IMG_3650.jpg,,
1677,E16,B3?,Bowl,Medium,B&W,Jingdezhen,Porcelain,Base,219,Lotus panels,Lotus,1,Coral encrusted,1677-IMG_3652.jpg1677-IMG_3653.jpg,,
1678,E16,B090,Bowl,Small,B&W,Jingdezhen,Porcelain,Base shard,49,,Lotus bouquet,1,,1678-IMG_3657.jpg1678-IMG_3656.jpg,,
1679,E16,Unknown,Vase,,B&W,Jingdezhen,Porcelain,Shard,16,Lotus panels frett work,,1,,1679-IMG_3660.jpg1679-IMG_3661.jpg,,
1680,E16,Unknown,Vase,,B&W,Jingdezhen,Porcelain,Shard,15,Scroll,,1,Faceted,1680-IMG_3663.jpg1680-IMG_3662.jpg,,
1681,E16,B086,Vase,,B&W,Jingdezhen,Porcelain,Shard,50,Peony,,1,,1681-IMG_3667.jpg1681-IMG_3666.jpg,,
1682,E16,B086,Vase,,B&W,Jingdezhen,Porcelain,Shard,76,,,1,Eroded,1682-IMG_3668.jpg1682-IMG_3669.jpg,,
1683,E16,B086,Vase,,B&W,Jingdezhen,Porcelain,Shard,11,,,1,Eroded,1683-IMG_3672.jpg1683-IMG_3673.jpg,,
1684,E16,B086,Bowl,,B&W,Jingdezhen,Porcelain,Shard,5,Lotus,,1,,1684-IMG_3675.jpg1684-IMG_3674.jpg,,
1685,E16,B086,Bowls,Medium,B&W,Jingdezhen,Porcelain,Bases,372,Lotus panels,Ducks in lotus pond,2,,1685-IMG_3679.jpg1685-IMG_3678.jpg,,
1686,E16,B086,Bowl,Small,B&W,Jingdezhen,Porcelain,Base,72,Leaves,Lotus bouquet,1,,1686-IMG_3681.jpg1686-IMG_3680.jpg,,
1687,E16,B086,Vases,,B&W,Jingdezhen,Porcelain,Shards,36,,,2,,1687-IMG_3683.jpg1687-IMG_3682.jpg,,
1688,E16,B086,Bowls,,B&W,Jingdezhen,Porcelain,Shards,77,,,5,,1688-IMG_3685.jpg1688-IMG_3684.jpg,,
1689,E16,B082,Bowl,,B&W,Jingdezhen,Porcelain,Shard,13,Lotus,Scroll,1,,1689-IMG_3690.jpg1689-IMG_3689.jpg,,
1690,E16,B087,Ewer?,,B&W,Jingdezhen,Porcelain,Shoulder shard,21,Floral,,1,Possible spout?,1690-IMG_3693.jpg1690-IMG_3694.jpg,,✓
1691,E16,B087,Vase,,B&W,Jingdezhen,Porcelain,Shard,29,Lotus panels scroll,,1,Faceted,1691-IMG_3696.jpg1691-IMG_3695.jpg,,
1692,E16,B087,Vase,,B&W,Jingdezhen,Porcelain,Shard,29,Bird chrysanthemum,,1,,1692-IMG_3698.jpg1692-IMG_3697.jpg,,
1693,E16,B087,Bowl,,B&W,Jingdezhen,Porcelain,Shard,21,Lotus panels,,1,,1693-IMG_3700.jpg1693-IMG_3699.jpg,,
1694,E16,B084,Bowl,,B&W,Jingdezhen,Porcelain,Shard,47,Lotus panels,Ducks in lotus pond,1,,1694-IMG_3703.jpg1694-IMG_3704.jpg,,
1695,E16,B088,Vase,,B&W,Jingdezhen,Porcelain,Shard,15,Leaves and berries in panels,,1,Faceted,1695-IMG_3708.jpg1695-IMG_3707.jpg,,
1696,E16,B088,Vase,,B&W,Jingdezhen,Porcelain,Shard,19,Lotus,,1,,1696-IMG_3710.jpg1696-IMG_3709.jpg,,
1697,E16,B088,Bowls,,B&W,Jingdezhen,Porcelain,Shards,43,,,3,,1697-IMG_3711.jpg1697-IMG_3712.jpg,,
1698,E16,B085,Bowl,Medium,B&W,Jingdezhen,Porcelain,Base shard,142,Lotus panels,Ducks in lotus pond,1,,1698-IMG_3715.jpg1698-IMG_3716.jpg,,
1699,E16,B085,Bowls,,B&W,Jingdezhen,Porcelain,Shards,374,,,7,,1699-IMG_3718.jpg1699-IMG_3717.jpg,,
1700,E16,B082,Bowl,,B&W,Jingdezhen,Porcelain,Shard,5,,,1,,1700-IMG_3723.jpg1700-IMG_3721.jpg,,
1701,E16,B082,Bowl,Medium,B&W,Jingdezhen,Porcelain,Base shard,253,Lotus panels,Ducks in lotus pond,1,Perfect glaze,1701-IMG_3726.jpg1701-IMG_3727.jpg,,✓
1702,E16,B082,Bowls,,B&W,Jingdezhen,Porcelain,Rim shards,50,Lotus band,Chrysanthemum band,2,,1702-IMG_3728.jpg1702-IMG_3729.jpg,,
1703,E16,B089,Guan?,,B&W,Jingdezhen,Porcelain,Base shard,39,Lotus panels,,1,,1703-IMG_3732.jpg1703-IMG_3733.jpg,,✓
1704,E16,B089,Vase,,B&W,Jingdezhen,Porcelain,Shard,19,Lotus panels,,1,,1704-IMG_3734.jpg1704-IMG_3735.jpg,,
1705,E16,B083,Vase?,,B&W,Jingdezhen,Porcelain,Neck shard,9,Lotus panels,,1,,1705-IMG_3739.jpg1705-IMG_3738.jpg,,
1706,E16,B083,Vases,,B&W,Jingdezhen,Porcelain,Shards,45,,,3,Faceted,1706-IMG_3740.jpg1706-IMG_3741.jpg,,
1707,E16,B083,Vases,,B&W,Jingdezhen,Porcelain,Shards,42,Lotus panels,,3,,1707-IMG_3743.jpg1707-IMG_3742.jpg,,
1708,E16,B083,Bowls,,B&W,Jingdezhen,Porcelain,Shards,23,,,3,,1708-IMG_3745.jpg1708-IMG_3744.jpg,,
1709,E16,B083,Vase,,B&W,Jingdezhen,Porcelain,Shard,30,Leaves in panels scroll,,1,Faceted,1709-IMG_3747.jpg1709-IMG_3748.jpg,,
1710,E16,B083,Bowl,,B&W,Jingdezhen,Porcelain,Shard,26,Lotus panels,Phoenix?,1,,1710-IMG_3750.jpg1710-IMG_3749.jpg,,✓
1711,E16,Unknown,Bowls,,B&W,Jingdezhen,Porcelain,Shards,74,,,4,,1711-IMG_3758.jpg1711-IMG_3759.jpg,,
1712,E16,B088,Bowl,,B&W,Jingdezhen,Porcelain,Shard,94,Lotus panels with symbols,Double vajra?,1,,1712-IMG_3763.jpg1712-IMG_3762.jpg,,✓
1713,E16,B088,Bowl,Medium,B&W,Jingdezhen,Porcelain,Base,149,Lotus panels,Lotus bouquet,1,,1713-IMG_3765.jpg1713-IMG_3764.jpg,,
1714,E16,B088,Vase,,B&W,Jingdezhen,Porcelain,Shard,90,Phoenix lotus panels,,1,,1714-IMG_3766.jpg1714-IMG_3767.jpg,,✓
1715,E16,B084,Bowl,,B&W,Jingdezhen,Porcelain,Shard,26,Lotus panels,Lotus pond,1,,1715-IMG_3770.jpg1715-IMG_3771.jpg,,
1716,E16,B084,Vases,,B&W,Jingdezhen,Porcelain,Shards,23,,,2,,1716-IMG_3773.jpg1716-IMG_3772.jpg,,
1717,E16,B084,Bowls,,B&W,Jingdezhen,Porcelain,Shards,6,Chrysanthemum,,2,,1717-IMG_3775.jpg1717-IMG_3774.jpg,,
1718,E16,B087,Vase,,B&W,Jingdezhen,Porcelain,Shard,51,Peony,,1,Luting,1718-IMG_3779.jpg1718-IMG_3778.jpg,,
1719,E16,B087,Vase,,B&W,Jingdezhen,Porcelain,Base shard,26,Lotus panels,,1,Faceted - octagonal?,1719-IMG_3780.jpg1719-IMG_3781.jpg,,
1720,E16,B082,Vases,,B&W,Jingdezhen,Porcelain,Shards,111,,,4,,1720-IMG_3784.jpg1720-IMG_3785.jpg,,
1721,E16,B082,Bowls,,B&W,Jingdezhen,Porcelain,Shards,14,,,2,,1721-IMG_3787.jpg1721-IMG_3786.jpg,,
1722,E16,B086,Dish,Medium,B&W,Jingdezhen,Porcelain,Base shard,129,,,1,Eroded,1722-IMG_3790.jpg1722-IMG_3791.jpg,,
1723,E16,B082,Vase,,B&W,Jingdezhen,Porcelain,Shards,47,,,2,,1723-IMG_3795.jpg1723-IMG_3794.jpg,,
1724,E16,B082,Vase,,B&W,Jingdezhen,Porcelain,Shard,26,Grape vine,,1,,1724-IMG_3797.jpg1724-IMG_3796.jpg,,✓
1725,E16,B082,Vase,,B&W,Jingdezhen,Porcelain,Shard,18,Flaming pearl,,1,,1725-IMG_3798.jpg1725-IMG_3799.jpg,,
1726,E16,B082,Bowl,,B&W,Jingdezhen,Porcelain,Shard,7,Lotus panels,,1,,1726-IMG_3801.jpg1726-IMG_3800.jpg,,
1727,E16,B090,Vases,,B&W,Jingdezhen,Porcelain,Shards,26,Lotus panels,,2,,1727-IMG_3805.jpg1727-IMG_3804.jpg,,
1728,E16,B090,Bowls,,B&W,Jingdezhen,Porcelain,Shards,32,,,4,,1728-IMG_3807.jpg1728-IMG_3806.jpg,,
1729,E16,B087,Bowls,,B&W,Jingdezhen,Porcelain,Shards,14,,,2,,1729-IMG_3810.jpg1729-IMG_3811.jpg,,
1730,E16,B082,Bowl,,B&W,Jingdezhen,Porcelain,Shard,2,Lotus,Frett work,1,,1730-IMG_3815.jpg1730-IMG_3814.jpg,,
1731,E16,B082,Vase,,B&W,Jingdezhen,Porcelain,Shard,12,Lotus panels scroll,,1,,1731-IMG_3819.jpg1731-IMG_3818.jpg,,
1732,E16,B082,Bowl,,B&W,Jingdezhen,Porcelain,Shard,15,Lotus panels lotus,Leaves,1,,1732-IMG_3820.jpg1732-IMG_3821.jpg,,
1733,E16,B087,Bowl,,B&W,Jingdezhen,Porcelain,Shard,29,Lotus panels,Ducks in lotus pond,1,,1733-IMG_3825.jpg1733-IMG_3824.jpg,,
1734,E16,B086,Bowl,,B&W,Jingdezhen,Porcelain,Shard,5,,,1,,1734-IMG_3827.jpg1734-IMG_3828.jpg,,
1735,E16,B3?,Vase,,B&W,Jingdezhen,Porcelain,Shard,20,Chrysanthemum scroll,,1,,1735-IMG_3832.jpg1735-IMG_3831.jpg,,
1736,E16,B3?,Bowl,,B&W,Jingdezhen,Porcelain,Shard,20,Lotus panels,,1,,1736-IMG_3835.jpg1736-IMG_3836.jpg,,
1737,E16,B3?,Bowl,,B&W,Jingdezhen,Porcelain,Shard,12,Lotus panels lotus,Scroll,1,,1737-IMG_3838.jpg1737-IMG_3837.jpg,,
1738,E16,B3?,Vase,,B&W,Jingdezhen,Porcelain,Shard,2,,,1,,1738-IMG_3840.jpg1738-IMG_3839.jpg,,
1739,E16,B087,Bowl,,B&W,Jingdezhen,Porcelain,Shard,2,,,1,,1739-IMG_3843.jpg1739-IMG_3844.jpg,,
1740,E16,B086,Vase,,B&W,Jingdezhen,Porcelain,Shard,23,,,1,,1740-IMG_3847.jpg1740-IMG_3848.jpg,,
1743,E16,B068,Bowls,,B&W,Jingdezhen,Porcelain,Shards,61,Lotus panels,Lotus,3,,1743-IMG_3860.jpg1743-IMG_3859.jpg,,
1744,E16,B068,Vases,,B&W,Jingdezhen,Porcelain,Shards,28,,,2,,1744-IMG_3861.jpg1744-IMG_3862.jpg,,
1745,E16,B068,Unknown,,B&W,Jingdezhen,Porcelain,Rim shard?,107,,,1,Cone shaped with rim,1745-IMG_3855.jpg1745-IMG_3854.jpg1745-IMG_3853.jpg1745-IMG_3858.jpg1745-IMG_3856.jpg1745-IMG_3857.jpg,,✓
1746,E12,B020,Vase,,B&W,Jingdezhen,Porcelain,Base,83,Lotus panels scroll,,1,High foot ring,1746-IMG_3865.jpg1746-IMG_3864.jpg1746-IMG_3863.jpg,,
1747,E12,B020,Bowl,Small,B&W,Jingdezhen,Porcelain,Base,86,,Lotus bouquet,1,,1747-IMG_3867.jpg1747-IMG_3866.jpg,,
1748,E12,B020,Bowls,,B&W,Jingdezhen,Porcelain,Shards,26,,,2,,1748-IMG_3869.jpg1748-IMG_3868.jpg,,
1749,E16,B078,Bowl,Medium,B&W,Jingdezhen,Porcelain,Base,236,Lotus panels,Lotus bouquet,1,,1749-IMG_3871.jpg1749-IMG_3870.jpg,,
1750,E16,B078,Vase,,B&W,Jingdezhen,Porcelain,Shard,24,Dragon? waves lotus panels,,1,,1750-IMG_3873.jpg1750-IMG_3872.jpg,,
1751,E15,B054,Bowl,Medium,B&W,Jingdezhen,Porcelain,Base,137,Lotus panels,Ducks in lotus pond,1,,1751-IMG_3875.jpg1751-IMG_3874.jpg,,
1752,E15,B054,Bowl,,B&W,Jingdezhen,Porcelain,Shard,81,Lotus panels lotus,,1,,1752-IMG_3876.jpg1752-IMG_3877.jpg,,
1753,E15,B054,Vase,,B&W,Jingdezhen,Porcelain,Shard,11,Leaves,,1,,1753-IMG_3879.jpg1753-IMG_3878.jpg,,
1754,E15,B054,Vase,,B&W,Jingdezhen,Porcelain,Shard,11,Waves reverse decorated,,1,,1754-IMG_3880.jpg1754-IMG_3881.jpg,,
1755,E15,B054,Vase,,B&W,Jingdezhen,Porcelain,Shard,107,Lotus panels scroll,,1,,1755-IMG_3883.jpg1755-IMG_3882.jpg,,
1756,E16,B3?,Vase,,B&W,Jingdezhen,Porcelain,Shard,17,Lotus panels scroll,,1,Faceted,1756-IMG_3884.jpg1756-IMG_3885.jpg,,
1757,E16,B3?,Bowl,Small,B&W,Jingdezhen,Porcelain,Shard,15,Lotus panels,Leaves,1,,1757-IMG_3887.jpg1757-IMG_3886.jpg,,
1758,E16,B3?,Vase,,B&W,Jingdezhen,Porcelain,Shard,4,,,1,,1758-IMG_3889.jpg1758-IMG_3888.jpg,,
1759,C11,B034,Bowls,,B&W,Jingdezhen,Porcelain,Shards,33,,,4,,1759-IMG_3890.jpg1759-IMG_3891.jpg,,
1760,E16,B075,Vases,,B&W,Jingdezhen,Porcelain,Shards,33,,,2,Faceted,1760-IMG_3893.jpg1760-IMG_3892.jpg,,
1761,E16,B075,Vase,,B&W,Jingdezhen,Porcelain,Shard,24,Phoenix?,,1,,1761-IMG_3894.jpg1761-IMG_3895.jpg,,✓
1762,E16,B075,Vase,,B&W,Jingdezhen,Porcelain,Shard,14,Lotus pond frett work,,1,,1762-IMG_3896.jpg1762-IMG_3897.jpg,,
1763,E16,B075,Bowl,,B&W,Jingdezhen,Porcelain,Shard,26,Lotus panels,,1,,1763-IMG_3899.jpg1763-IMG_3898.jpg,,
1764,E16,B074,Bowl,Medium,B&W,Jingdezhen,Porcelain,Base shard,95,,Ducks in lotus pond,1,,1764-IMG_3900.jpg1764-IMG_3901.jpg,,
1765,E16,B074,Vase,,B&W,Jingdezhen,Porcelain,Shard,26,Lotus panels scroll,,1,Faceted,1765-IMG_3902.jpg1765-IMG_3903.jpg,,
1766,E16,B073,Bowls,,B&W,Jingdezhen,Porcelain,Shards,21,,,2,,1766-IMG_3905.jpg1766-IMG_3904.jpg,,
1767,D11,B035,Vase,,B&W,Jingdezhen,Porcelain,Shard,11,Phoenix? lotus,,1,,1767-IMG_3906.jpg1767-IMG_3907.jpg,,
1768,D11,B035,Bowl,,B&W,Jingdezhen,Porcelain,Shard,4,,,1,,1768-IMG_3909.jpg1768-IMG_3908.jpg,,
1769,E12,B019,Bowl,Medium,B&W,Jingdezhen,Porcelain,Base,342,,Ducks in lotus pond,1,Eroded,1769-IMG_3911.jpg1769-IMG_3910.jpg,,
1772,E15,B047,Bowl,Small,B&W,Jingdezhen,Porcelain,Base,71,,Lotus bouquet,1,Shufu shape,1772-IMG_3922.jpg1772-IMG_3921.jpg,,
1773,E15,B047,Bowl,Medium,B&W,Jingdezhen,Porcelain,Bases,322,Lotus panels,Peony?,2,,1773-IMG_3923.jpg1773-IMG_3924.jpg,,
1774,E15,B047,Vase,,B&W,Jingdezhen,Porcelain,Base shard,31,Lotus panels scroll,,1,High foot ring,1774-IMG_3926.jpg1774-IMG_3927.jpg1774-IMG_3925.jpg,,
1775,E15,B047,Bowl,,B&W,Jingdezhen,Porcelain,Shard,9,Lotus,Lotus,1,,1775-IMG_3929.jpg1775-IMG_3928.jpg,,
1776,E15,B047,Bowl,,B&W,Jingdezhen,Porcelain,Shard,1,,Chrysanthemum,1,,1776-IMG_3930.jpg1776-IMG_3931.jpg,,
1777,E15,B057,Bowl,Medium,B&W,Jingdezhen,Porcelain,Base,244,Lotus panels,Lotus bouquet,1,in 2 pcs eroded,1777-IMG_3933.jpg1777-IMG_3932.jpg,,
1778,E15,B057,Bowl,Medium,B&W,Jingdezhen,Porcelain,Base,199,Lotus panels,Ducks in lotus pond,1,,1778-IMG_3935.jpg1778-IMG_3934.jpg,,
1779,E15,B061,Bowl,Medium,B&W,Jingdezhen,Porcelain,Base,223,Lotus panels,Lotus bouquet,1,,1779-IMG_3944.jpg1779-IMG_3945.jpg,,
1780,E15,B061,Bowl,Medium,B&W,Jingdezhen,Porcelain,Base,280,Lotus panels,Ducks in lotus pond,1,Eroded,1780-IMG_3947.jpg1780-IMG_3946.jpg,,
1781,E15,B061,Dish,Medium,B&W,Jingdezhen,Porcelain,Base shard,51,Lotus panels,Peony,1,,1781-IMG_3949.jpg1781-IMG_4018.jpg,,
1782,E15,B061,Bowl,,B&W qingbai,Jingdezhen,Porcelain,Shard,6,,Moulded qingbai,1,Moulded qingbai,1782-IMG_3950.jpg1782-IMG_3951.jpg,,✓
1783,E15,B061,Bowl?,,B&W,Jingdezhen,Porcelain,Shard,7,Frett work,,1,Bevelled,1783-IMG_3954.jpg1783-IMG_3952.jpg1783-IMG_3953.jpg,,
1784,E15,B061,Ewer,,B&W,Jingdezhen,Porcelain,Handle shard,8,Scroll,,1,,1784-IMG_3957.jpg1784-IMG_3956.jpg,,
1785,E15,B061,Vase,,B&W,Jingdezhen,Porcelain,Rim shard,9,Plantain leaves,Frett work,2,Trumpet mouth,1785-IMG_3961.jpg1785-IMG_3960.jpg,,
1786,E15,B061,Bowl,,B&W,Jingdezhen,Porcelain,Shard,62,Lotus panels,Morning glory,1,,1786-IMG_3963.jpg1786-IMG_3964.jpg,,
1787,E15,B061,Vases,,B&W,Jingdezhen,Porcelain,Shards,19,,,3,,1787-IMG_3969.jpg1787-IMG_3967.jpg,,
1788,E15,B061,Bowls,,B&W,Jingdezhen,Porcelain,Shards,131,,,8,,1788-IMG_3970.jpg1788-IMG_3971.jpg,,
1789,E15,B058,Bowl,Medium,B&W,Jingdezhen,Porcelain,Base,183,Lotus panels,Lotus bouquet,1,,1789-IMG_3974.jpg1789-IMG_3975.jpg,,
1790,E15,B058,Vase,,B&W,Jingdezhen,Porcelain,Shard,35,Lotus,,1,,1790-IMG_3978.jpg1790-IMG_3976.jpg,,
1791,E15,B058,Bowls,,B&W,Jingdezhen,Porcelain,Shards,61,,,3,,1791-IMG_3980.jpg1791-IMG_3979.jpg,,
1792,E15,B057,Dish,,B&W,Jingdezhen,Porcelain,Shard,26,,Peony,1,Flat,1792-IMG_3985.jpg1792-IMG_3987.jpg,,
1793,E15,B057,Bowl,Small,B&W,Jingdezhen,Porcelain,Base,50,,Ducks in lotus pond,1,,1793-IMG_4019.jpg1793-IMG_3988.jpg,,
1794,E15,B057,Vase,,B&W,Jingdezhen,Porcelain,Shard,6,Flaming pearl?,,1,,1794-IMG_3989.jpg1794-IMG_3990.jpg,,
1795,E15,B057,Bowls,,B&W,Jingdezhen,Porcelain,Shards,13,,,3,,1795-IMG_3992.jpg1795-IMG_3991.jpg,,
1796,E15,B060,Vase,,B&W,Jingdezhen,Porcelain,Neck shard,30,Plantan leaves frett work panels,,1,Octagonal,1796-IMG_3994.jpg1796-IMG_3995.jpg1796-IMG_3993.jpg,,✓
1797,E15,B047,Vase,,B&W,Jingdezhen,Porcelain,Shard,35,Lotus panels scroll,,1,,1797-IMG_4000.jpg1797-IMG_4001.jpg,,
1798,E15,B056,Bowl,,B&W,Jingdezhen,Porcelain,Shard,34,Chrysanthemum,Lotus scroll,1,,1798-IMG_4009.jpg1798-IMG_4010.jpg,,
1799,E15,B056,Dish?,,B&W,Jingdezhen,Porcelain,Shard,63,,Peony?,1,Flat,1799-IMG_4012.jpg1799-IMG_4011.jpg,,
1800,E15,B056,Ewer,,B&W,Jingdezhen,Porcelain,Handle shard,15,Scroll,,1,,1800-IMG_4015.jpg1800-IMG_4016.jpg,,
1801,E15,B056,Guan?,,B&W,Jingdezhen,Porcelain,Shard,66,Leaves (peony?),,1,,1801-IMG_4024.jpg1801-IMG_4025.jpg,,
1803,E15,B060,Bowls,,B&W,Jingdezhen,Porcelain,Shards,27,,,3,,1803-IMG_4037.jpg1803-IMG_4035.jpg,,
1804,E19,B109,Bowl,Medium,B&W,Jingdezhen,Porcelain,Base,139,Lotus panels,Ducks in lotus pond,1,,1804-IMG_4038.jpg1804-IMG_4039.jpg,,
1805,E19,B109,Guan?,,B&W,Jingdezhen,Porcelain,Shard,29,,,1,Cobalt diffused,1805-IMG_4045.jpg1805-IMG_4043.jpg,,
1806,E19,B109,Guan?,,B&W,Jingdezhen,Porcelain,Shard,35,Lappet?,,1,,1806-IMG_4047.jpg1806-IMG_4046.jpg,,
1807,E19,B109,Bowls,,B&W,Jingdezhen,Porcelain,Shards,41,,,3,,1807-IMG_4049.jpg1807-IMG_4048.jpg,,
1808,E16,B080,Vase,,B&W,Jingdezhen,Porcelain,Base shard,122,Lotus panels,,1,Eroded,1808-IMG_4050.jpg1808-IMG_4053.jpg1808-IMG_4051.jpg1808-IMG_4054.jpg1808-IMG_4052.jpg,,
1809,E16,B080,Vase,,B&W,Jingdezhen,Porcelain,Shard,20,Lotus panels scroll lappet,,1,,1809-IMG_4056.jpg1809-IMG_4057.jpg,,
1810,E16,B080,Bowl,,B&W,Jingdezhen,Porcelain,Shard,36,Lotus petals lotus?,Chrysanthemum band,1,,1810-IMG_4059.jpg1810-IMG_4058.jpg,,
1811,E16,B081,Vase,,B&W,Jingdezhen,Porcelain,Shard,6,Dragon,,1,,1811-IMG_4060.jpg1811-IMG_4061.jpg,,✓
1812,E16,B081,Bowls,,B&W,Jingdezhen,Porcelain,Shards,60,,,2,Eroded,1812-IMG_4064.jpg1812-IMG_4062.jpg,,
1813,E22,B131,Bowl,Small,B&W,Jingdezhen,Porcelain,Base,79,,Lotus bouquet,1,Eroded coral encrusted,1813-IMG_4065.jpg1813-IMG_4066.jpg,,
1814,E22,B131,Bowls,,B&W,Jingdezhen,Porcelain,Shards,23,,,2,,1814-IMG_4067.jpg1814-IMG_4068.jpg,,
1815,D11,B037,Flask,,B&W,Jingdezhen,Porcelain,Shard,122,Lotus,,1,Cobaltsed diffused,1815-IMG_4069.jpg1815-IMG_4070.jpg1815-IMG_4071.jpg,,✓
1816,D11,B037,Vase,,B&W,Jingdezhen,Porcelain,Shard,3,,,1,,1816-IMG_4074.jpg1816-IMG_4073.jpg,,
1817,D11,B037,Bowl,,B&W,Jingdezhen,Porcelain,Shard,5,Leaves,Leaves,1,,1817-IMG_4076.jpg1817-IMG_4075.jpg,,
1818,E16,B079,Bowl,Small,B&W,Jingdezhen,Porcelain,Base,63,,Lotus bouquet,1,,1818-IMG_4078.jpg1818-IMG_4080.jpg,,
1820,D11,B036,Bowl,Medium,B&W,Jingdezhen,Porcelain,Base,270,,Lotus bouquet,1,Coral encrusted,1820-IMG_4085.jpg1820-IMG_4086.jpg,,
1821,D11,B036,Vase,,B&W,Jingdezhen,Porcelain,Shard,14,Ducks in lotus pond lotus panels,,1,,1821-IMG_4087.jpg1821-IMG_4088.jpg,,
1822,E22,B132,Bowl,,B&W,Jingdezhen,Porcelain,Shard,32,Lotus petals lotus,Chrysanthemum band,1,,1822-IMG_4090.jpg1822-IMG_4089.jpg,,
1823,E20,B115,Vase,,B&W,Jingdezhen,Porcelain,Shard,66,Lotus panels leaves,,1,Eroded,1823-IMG_4093.jpg1823-IMG_4094.jpg,,
1824,E20,B118,Bowl,Medium,B&W,Jingdezhen,Porcelain,Base,126,,Ducks in lotus pond,1,,1824-IMG_4096.jpg1824-IMG_4095.jpg,,
1825,E20,B118,Bowl,Medium,B&W,Jingdezhen,Porcelain,Base,133,Lotus panels,Floral,1,,1825-IMG_4098.jpg1825-IMG_4097.jpg,,
1826,E20,B118,Guan,,B&W,Jingdezhen,Porcelain,Shards,100,Peony in panels?,,2,,1826-IMG_4100.jpg1826-IMG_4099.jpg,,
1827,E20,B118,Vase,,B&W,Jingdezhen,Porcelain,Shard,9,Lotus,,1,,1827-IMG_4101.jpg1827-IMG_4102.jpg,,
1828,E20,B118,Vase,,B&W,Jingdezhen,Porcelain,Shard,9,Lotus panels scroll,,1,Faceted,1828-IMG_4104.jpg1828-IMG_4103.jpg,,
1829,E20,B118,Bowls,,B&W,Jingdezhen,Porcelain,Shards,73,,,6,,1829-IMG_4105.jpg1829-IMG_4106.jpg,,
1831,E20,B116,Vase,,B&W,Jingdezhen,Porcelain,Base shard,130,Lotus petals,,1,,1831-IMG_4110.jpg1831-IMG_4111.jpg1831-IMG_4109.jpg,,✓
1832,E20,B116,Bowl,,B&W,Jingdezhen,Porcelain,Shard,38,Lotus panels,Lotus pond,1,,1832-IMG_4112.jpg1832-IMG_4113.jpg,,
1833,E20,B116,Vase,,B&W,Jingdezhen,Porcelain,Shard,7,Lotus,,1,,1833-IMG_4114.jpg1833-IMG_4115.jpg,,
1834,E20,B116,Bowl,Medium,B&W,Jingdezhen,Porcelain,Base,229,Lotus panels,Ducks in lotus pond,1,,1834-IMG_4117.jpg1834-IMG_4116.jpg,,
1835,E20,B116,Vase,,B&W,Jingdezhen,Porcelain,Base shard,71,Lotus panels scroll,,1,High foot ring,1835-IMG_4121.jpg1835-IMG_4120.jpg1835-IMG_4118.jpg1835-IMG_4119.jpg,,✓
1836,E20,B116,Bowl,Medium,B&W,Jingdezhen,Porcelain,Base,143,Lotus panels,Lotus bouquet?,1,,1836-IMG_4122.jpg1836-IMG_4123.jpg,,
1837,E20,B116,Vase,,B&W,Jingdezhen,Porcelain,Neck shard,20,Lotus scroll,,1,Cylindrical,1837-IMG_4124.jpg1837-IMG_4125.jpg,,✓
1838,E20,B116,Bowl,Small,B&W,Jingdezhen,Porcelain,Base shard,18,Leaves,Lotus pond,1,Shufu shape,1838-IMG_4127.jpg1838-IMG_4126.jpg,,
1839,E20,B116,Vase,,B&W,Jingdezhen,Porcelain,Shards,46,,,3,,1839-IMG_4129.jpg1839-IMG_4128.jpg,,
1840,E20,B116,Bowl,,B&W,Jingdezhen,Porcelain,Shards,43,,,4,,1840-IMG_4130.jpg1840-IMG_4131.jpg,,
1841,E20,B119,Dish,Medium,B&W,Jingdezhen,Porcelain,Base shard,67,Lotus panels,Lotus lotus band,1,,1841-IMG_4134.jpg1841-IMG_4133.jpg1841-IMG_4132.jpg,,✓
1842,E20,B119,Cover?,Large,B&W,Jingdezhen,Porcelain,Shard,34,Floral scroll,,1,Luted,1842-IMG_4136.jpg1842-IMG_4135.jpg,,✓
1843,E20,B119,Vase,,B&W,Jingdezhen,Porcelain,Shard,15,Lotus panels,,1,Faceted,1843-IMG_4138.jpg1843-IMG_4137.jpg,,
1844,E20,B119,Bowls,,B&W,Jingdezhen,Porcelain,Shards,44,Lotus panels,Lotus,2,,1844-IMG_4139.jpg1844-IMG_4140.jpg,,
1845,E19,B105,Bowl,Medium,B&W,Jingdezhen,Porcelain,Base,154,Lotus petals,Ducks in lotus pond,1,Eroded,1845-IMG_4142.jpg1845-IMG_4141.jpg,,
1846,E19,B105,Vase?,,B&W,Jingdezhen,Porcelain,Shard,38,Vines,,1,Eroded,1846-IMG_4282.jpg1846-IMG_4143.jpg,,
1847,E19,B105,Guan?,,B&W,Jingdezhen,Porcelain,Shard,40,Lotus flower,,1,Unusual bud,1847-IMG_4144.jpg1847-IMG_4145.jpg,,✓
1848,E19,B105,Bowls,,B&W,Jingdezhen,Porcelain,Shards,49,Lotus panels,,2,,1848-IMG_4147.jpg1848-IMG_4146.jpg,,
1849,E19,B104,Bowls,Medium,B&W,Jingdezhen,Porcelain,Bases,417,Lotus panels,Ducks in lotus pond,2,,1849-IMG_4148.jpg1849-IMG_4149.jpg,,
1850,E19,B104,Ewer,,B&W,Jingdezhen,Porcelain,Handle shard,36,Leaves,,1,,1850-IMG_4151.jpg1850-IMG_4150.jpg,,
1851,E19,B104,Bowl,,B&W,Jingdezhen,Porcelain,Shard,33,Lotus panels,Ducks in lotus pond,1,,1851-IMG_4153.jpg1851-IMG_4152.jpg,,
1852,E23,B145,Guan,,B&W,Jingdezhen,Porcelain,Base shard,37,Lotus petals?,,1,Flat base,1852-IMG_4155.jpg1852-IMG_4154.jpg,,✓
1853,E18,B103,Bowl,,B&W,Jingdezhen,Porcelain,Base shard,43,Lotus panels,Leaves,1,,1853-IMG_4157.jpg1853-IMG_4156.jpg,,
1855,E16,B081,Bowl,Small,B&W,Jingdezhen,Porcelain,Base,76,,Lotus bouquet,1,,1855-IMG_4164.jpg1855-IMG_4165.jpg,,
1856,E16,B076,Vase,,B&W,Jingdezhen,Porcelain,Shard,7,Chrysanthemum in panels,,1,Faceted,1856-IMG_4168.jpg1856-IMG_4169.jpg,,
1857,E16,B076,Vases,,B&W,Jingdezhen,Porcelain,Shards,33,,,2,,1857-IMG_4171.jpg1857-IMG_4170.jpg,,
1858,E16,B076,Bowls,,B&W,Jingdezhen,Porcelain,Shards,27,,,3,,1858-IMG_4173.jpg1858-IMG_4172.jpg,,
1859,E16,B4?,Vase,,B&W,Jingdezhen,Porcelain,Shard,18,Morning glory,,1,Faceted,1859-IMG_4177.jpg1859-IMG_4176.jpg,,
1860,E16,B4?,Bowls,,B&W,Jingdezhen,Porcelain,Shards,226,,,10,,1860-IMG_4178.jpg1860-IMG_4179.jpg,,
1861,E11,B040,Bowls,Small,B&W,Jingdezhen,Porcelain,Bases,129,,Lotus bouquet,2,,1861-IMG_4182.jpg1861-IMG_4183.jpg,,
1862,E11,B041,Bowls,Medium,B&W,Jingdezhen,Porcelain,Bases,242,Lotus panels,Ducks in lotus pond,2,,1862-IMG_4186.jpg1862-IMG_4187.jpg,,
1863,E11,B041,Vases,,B&W,Jingdezhen,Porcelain,Shards,11,,,2,,1863-IMG_4189.jpg1863-IMG_4188.jpg,,
1864,E16,B090,Bowl,Medium,B&W,Jingdezhen,Porcelain,Base,275,Lotus panels,Ducks in lotus pond,1,,1864-IMG_4193.jpg1864-IMG_4192.jpg,,
1865,E16,B090,Bowl?,Small,B&W,Jingdezhen,Porcelain,Base,123,Leaf band,Lotus pond leaf band,1,Pond but no ducks coral encrusted,1865-IMG_4194.jpg1865-IMG_4195.jpg,,✓
1866,E16,B079,Bowl,Small,B&W,Jingdezhen,Porcelain,Base,115,,Floral,1,Qingbai glaze exterior,1866-IMG_4198.jpg1866-IMG_4199.jpg,,
1867,E16,B079,Bowl,,B&W,Jingdezhen,Porcelain,Rim shard,56,Lotus panels fungus band,Scroll,1,,1867-IMG_4200.jpg1867-IMG_4201.jpg,,
1868,E16,B074,Bowl,Small,B&W,Jingdezhen,Porcelain,Base,64,,Lotus bouquet,1,,1868-IMG_4205.jpg1868-IMG_4204.jpg,,
1869,E20,B115,Vase,,B&W,Jingdezhen,Porcelain,Shoulder neck shard,81,Lotus panels,,1,Tiered scalloped moulded,1869-IMG_4091.jpg1869-IMG_4092.jpg,,✓
1870,E12,B020,Vase,,B&W,Jingdezhen,Porcelain,Shard,6,Berries in panels? frett work,,1,Faceted,1870-IMG_4211.jpg1870-IMG_4210.jpg,,
1871,E12,B020,Bowl,,B&W,Jingdezhen,Porcelain,Shard,17,,,1,Eroded,1871-IMG_4213.jpg1871-IMG_4212.jpg,,
1872,E12,B020,Vases,,B&W,Jingdezhen,Porcelain,Shards,18,Bird?,,2,,1872-IMG_4215.jpg1872-IMG_4214.jpg,,
1873,E12,B020,Bowls,,B&W,Jingdezhen,Porcelain,Shards,44,,,10,,1873-IMG_4217.jpg1873-IMG_4216.jpg,,
1874,E16,B074,Bowls,,B&W,Jingdezhen,Porcelain,Shards,56,,,6,,1874-IMG_4219.jpg1874-IMG_4220.jpg,,
1875,E16,B075,Vase,,B&W,Jingdezhen,Porcelain,Shard,9,Panels scroll,,1,Faceted,1875-IMG_4223.jpg1875-IMG_4224.jpg,,
1876,E16,B075,Vases,,B&W,Jingdezhen,Porcelain,Shards,91,,,5,,1876-IMG_4225.jpg1876-IMG_4226.jpg,,
1877,E16,B075,Bowls,,B&W,Jingdezhen,Porcelain,Shards,174,,,11,,1877-IMG_4229.jpg1877-IMG_4227.jpg,,
1878,E16,B073,Vase,,B&W,Jingdezhen,Porcelain,Shard,29,Rock work? peony,,1,,1878-IMG_4233.jpg1878-IMG_4232.jpg,,✓
1879,E16,B073,Vase,,B&W,Jingdezhen,Porcelain,Shard,18,Lotus,,1,,1879-IMG_4235.jpg1879-IMG_4234.jpg,,
1880,E16,B073,Bowls,,B&W,Jingdezhen,Porcelain,Shards,120,,,6,,1880-IMG_4236.jpg1880-IMG_4237.jpg,,
1881,D12,B026,Guan,,B&W,Jingdezhen,Porcelain,Base shard,438,Peony,,1,Eroded luted base,1881-IMG_4239.jpg1881-IMG_4238.jpg,,✓
1882,D12,B026,Bowl,,B&W,Jingdezhen,Porcelain,Rim shard,11,Lotus band,Leaf band,1,,1882-IMG_4240.jpg1882-IMG_4241.jpg,,
1883,E11,B040,Bowls,,B&W,Jingdezhen,Porcelain,Shards,37,,,6,,1883-IMG_4245.jpg1883-IMG_4244.jpg,,
1884,E11,B040,Vases,,B&W,Jingdezhen,Porcelain,Shards,26,,,4,,1884-IMG_4246.jpg1884-IMG_4247.jpg,,
1885,E15,B048,Bowls,Medium & small,B&W,Jingdezhen,Porcelain,Bases,239,Lotus panels,Lotus bouquet,2,,1885-IMG_4251.jpg1885-IMG_4250.jpg,,
1886,E15,B048,Bowls,,B&W,Jingdezhen,Porcelain,Shards,23,,,3,,1886-IMG_4252.jpg1886-IMG_4253.jpg,,
1887,E23,B144,Bowls,Medium,B&W,Jingdezhen,Porcelain,Bases,361,Lotus panels,Ducks in lotus pond,2,,1887-IMG_4258.jpg1887-IMG_4257.jpg,,
1888,E23,B144,Bowl,Medium,B&W,Jingdezhen,Porcelain,Base,208,Lotus panels,Lotus bouquet,1,,1888-IMG_4260.jpg1888-IMG_4259.jpg,,
1889,E16,B080,Bowls,,B&W,Jingdezhen,Porcelain,Shards,74,,,4,,1889-IMG_4263.jpg,,
1890,E13,B018,Vases,,B&W,Jingdezhen,Porcelain,Shards,13,,,3,,1890-IMG_4268.jpg1890-IMG_4267.jpg,,
1891,E15,B054,Bowls,,B&W,Jingdezhen,Porcelain,Shards,64,Lotus petals,,4,,1891-IMG_4274.jpg1891-IMG_4273.jpg,,
1892,E16,B4?,Bowl,Small,B&W,Jingdezhen,Porcelain,Base,113,,Chrysanthemums,1,Shufu shape coral encrusted,1892-IMG_4279.jpg1892-IMG_4280.jpg,,✓
1893,E15,B052,Bowls,,B&W,Jingdezhen,Porcelain,Shards,17,,,4,,1893-IMG_4286.jpg1893-IMG_4285.jpg,,
1894,E12,B020,Bowl,Medium,B&W,Jingdezhen,Porcelain,Base,172,Lotus panels,Ducks in lotus pond,1,Eroded,1894-IMG_4289.jpg1894-IMG_4290.jpg,,
1895,E11,B043,Vase,,B&W,Jingdezhen,Porcelain,Shard,24,Pine scroll,,1,,1895-IMG_4293.jpg1895-IMG_4294.jpg,,✓
1896,E18,B102,Bowls,Medium,B&W,Jingdezhen,Porcelain,Bases,324,Lotus panels,Ducks in lotus pond,2,,1896-IMG_4297.jpg1896-IMG_4298.jpg,,
1897,E18,B102,Bowls,Medium,B&W,Jingdezhen,Porcelain,Bases,253,,Lotus bouquet?,2,,1897-IMG_4300.jpg1897-IMG_4299.jpg,,
1898,E11,B043,Bowl,Medium,B&W,Jingdezhen,Porcelain,Base,113,,Ducks in lotus pond,1,Eroded,1898-IMG_4303.jpg1898-IMG_4304.jpg,,
1899,E11,B043,Vase,,B&W,Jingdezhen,Porcelain,Shard,19,,,1,,1899-IMG_4305.jpg1899-IMG_4306.jpg,,
1900,E20,B114,Vase?,,B&W,Jingdezhen,Porcelain,Shard,36,Chrysanthemum?,,1,Cobalt fused,1900-IMG_4310.jpg1900-IMG_4309.jpg,,
1901,E20,B114,Bowl,,B&W,Jingdezhen,Porcelain,Shard,13,Lotus panels lotus,,1,,1901-IMG_4311.jpg1901-IMG_4312.jpg,,
1902,E20,B114,Vase,,B&W,Jingdezhen,Porcelain,Shard,5,Lotus,,1,,1902-IMG_4314.jpg1902-IMG_4313.jpg,,
1903,D12,B029,Bowl,Medium,B&W,Jingdezhen,Porcelain,Base,156,Lotus panels,Ducks in lotus pond,1,,1903-IMG_4317.jpg1903-IMG_4318.jpg,,
1904,D12,B029,Vase,,B&W,Jingdezhen,Porcelain,Shard,8,Panels scroll,,1,Faceted,1904-IMG_4320.jpg1904-IMG_4319.jpg,,
1905,D12,B029,Vases,,B&W,Jingdezhen,Porcelain,Shards,14,,,2,,1905-IMG_4321.jpg1905-IMG_4322.jpg,,
1906,D12,B029,Bowls,,B&W,Jingdezhen,Porcelain,Shards,16,Lotus panels,,2,,1906-IMG_4323.jpg1906-IMG_4324.jpg,,
1907,D11,B036,Vase,,B&W,Jingdezhen,Porcelain,Shard,4,Lotus,,1,Faceted,1907-IMG_4327.jpg1907-IMG_4328.jpg,,
1908,D11,B036,Vases,,B&W,Jingdezhen,Porcelain,Shards,15,,,4,,1908-IMG_4329.jpg1908-IMG_4330.jpg,,
1909,D13,B010,Vase,,B&W,Jingdezhen,Porcelain,Shard,5,Dragon?,,1,,1909-IMG_4334.jpg1909-IMG_4333.jpg,,
1910,D13,B010,Bowls,,B&W,Jingdezhen,Porcelain,Shards,91,,,4,,1910-IMG_4335.jpg1910-IMG_4336.jpg,,
1911,D12,B033,Vases,,B&W,Jingdezhen,Porcelain,Shards,22,,,2,,1911-IMG_4339.jpg1911-IMG_4340.jpg,,
1912,D11,B035,Bowls,Medium,B&W,Jingdezhen,Porcelain,Bases,351,Lotus panels,Ducks in lotus pond,2,,1912-IMG_4343.jpg1912-IMG_4344.jpg,,
1913,D11,B035,Bowl,Small,B&W,Jingdezhen,Porcelain,Base,169,Lotus panels,Morning glory peony,1,Eroded,1913-IMG_4346.jpg1913-IMG_4345.jpg,,
1914,D12,B028,Vases,,B&W,Jingdezhen,Porcelain,Shards,44,,,4,,1914-IMG_4349.jpg1914-IMG_4350.jpg,,
1915,D12,B028,Bowls,,B&W,Jingdezhen,Porcelain,Shards,27,,,5,,1915-IMG_4352.jpg1915-IMG_4351.jpg,,
1916,E18,B102,Bowl,Small,B&W,Jingdezhen,Porcelain,Shard,9,Lotus band,scroll,1,Carinated,1916-IMG_4355.jpg1916-IMG_4356.jpg,,
1917,E18,B102,Vases,,B&W,Jingdezhen,Porcelain,Shards,31,,,3,,1917-IMG_4358.jpg1917-IMG_4357.jpg,,
1918,E18,B102,Bowls,,B&W,Jingdezhen,Porcelain,Shards,108,,,11,,1918-IMG_4359.jpg1918-IMG_4360.jpg,,
1919,E18,B101,Vase,,B&W,Jingdezhen,Porcelain,Shard,6,Lotus panels,,1,Faceted,1919-IMG_4363.jpg1919-IMG_4364.jpg,,
1920,E18,B101,Bowls,,B&W,Jingdezhen,Porcelain,Shards,60,,,8,,1920-IMG_4365.jpg1920-IMG_4366.jpg,,
1921,E16,B077,Bowls,,B&W,Jingdezhen,Porcelain,Shards,78,,,5,,1921-IMG_4369.jpg1921-IMG_4370.jpg,,
1922,E23,B144,Vase,,B&W,Jingdezhen,Porcelain,Shard,11,Leaf panels,,1,Faceted,1922-IMG_4373.jpg1922-IMG_4374.jpg,,
1923,E23,B144,Bowls,,B&W,Jingdezhen,Porcelain,Shards,56,,,6,,1923-IMG_4376.jpg1923-IMG_4375.jpg,,
1924,E20,B111,Vases,,B&W,Jingdezhen,Porcelain,Shards,14,,,3,,1924-IMG_4380.jpg1924-IMG_4379.jpg,,
1925,E20,B111,Bowls,,B&W,Jingdezhen,Porcelain,Shards,41,,,4,,1925-IMG_4381.jpg1925-IMG_4382.jpg,,
1926,F15,B064,Cover,,B&W,Jingdezhen,Porcelain,Rim shard,12,Frett work scroll,,1,Flat top,1926-IMG_4388.jpg1926-IMG_4385.jpg1926-IMG_4386.jpg1926-IMG_4387.jpg,,✓
1927,F15,B064,Guan?,,B&W,Jingdezhen,Porcelain,Shard,21,Leaves scroll,,1,,1927-IMG_4389.jpg1927-IMG_4390.jpg,,
1928,F15,B064,Bottle?,,B&W,Jingdezhen,Porcelain,Mouth shard,9,Plantain leaves,,1,Unlazed around mouth exterior glazed interior,1928-IMG_4393.jpg1928-IMG_4392.jpg1928-IMG_4391.jpg,,✓
1929,F15,B064,Vase,,B&W,Jingdezhen,Porcelain,Neck shard,14,Lotus panels,,1,,1929-IMG_4394.jpg1929-IMG_4395.jpg,,
1930,F15,B064,Bowls,,B&W,Jingdezhen,Porcelain,Shards,36,,,6,,1930-IMG_4396.jpg1930-IMG_4397.jpg,,
1931,D11,B035,Vases,,B&W,Jingdezhen,Porcelain,Shards,13,,,3,,1931-IMG_4401.jpg1931-IMG_4400.jpg,,
1932,D11,B035,Bowls,,B&W,Jingdezhen,Porcelain,Shards,45,,,5,,1932-IMG_4402.jpg1932-IMG_4403.jpg,,
1933,E23,B145,Vase,,B&W,Jingdezhen,Porcelain,Shard,13,Lotus panels scroll panels,,1,Faceted,1933-IMG_4406.jpg1933-IMG_4407.jpg,,
1934,E23,B145,Vase,,B&W,Jingdezhen,Porcelain,Shard,15,Clouds? scroll,,1,,1934-IMG_4408.jpg1934-IMG_4409.jpg,,
1935,E23,B145,Vases,,B&W,Jingdezhen,Porcelain,Shards,24,Waves flowers reverse decorated,,2,1 chipped,1935-IMG_4411.jpg1935-IMG_4410.jpg,,
1936,E20,B114,Vase,,B&W,Jingdezhen,Porcelain,Shard,16,Lotus,,1,Faceted,1936-IMG_4415.jpg1936-IMG_4414.jpg,,
1937,E20,B114,Vase,,B&W,Jingdezhen,Porcelain,Shard,8,Leaves,,1,,1937-IMG_4417.jpg1937-IMG_4416.jpg,,
1938,E20,B114,Bowl,,B&W,Jingdezhen,Porcelain,Shard,12,Lotus panels,Lotus,1,,1938-IMG_4418.jpg1938-IMG_4419.jpg,,
1939,E20,B114,Bowl,,B&W,Jingdezhen,Porcelain,Shard,23,Lotus panels lotus,Dragon,1,3 claw,1939-IMG_4422.jpg1939-IMG_4423.jpg,,✓
1940,D13,B012,Vase,,B&W,Jingdezhen,Porcelain,Shard,5,Dragon,,1,,1940-IMG_4426.jpg1940-IMG_4427.jpg,,
1941,D11,B037,Bowl,Medium,B&W,Jingdezhen,Porcelain,Base,227,,Ducks in lotus pond,1,Coral encrusted,1941-IMG_4431.jpg1941-IMG_4430.jpg,,
1942,D12,B033,Bowl,Medium,B&W,Jingdezhen,Porcelain,Base,180,Lotus panels,Ducks in lotus pond,1,Coral encrusted,1942-IMG_4435.jpg1942-IMG_4436.jpg,,
1943,D12,B033,Bowl,Small,B&W,Jingdezhen,Porcelain,Base,113,,Lotus bouquet,1,Shufu shape coral encrusted,1943-IMG_4439.jpg,,
1944,D12,B033,Vase,,B&W,Jingdezhen,Porcelain,Shard,6,,,1,,1944-IMG_4442.jpg1944-IMG_4441.jpg,,
1945,D12,B033,Bowls,,B&W,Jingdezhen,Porcelain,Shards,19,,,2,,1945-IMG_4443.jpg1945-IMG_4444.jpg,,
1946,E20,B114,Dish,Medium,B&W,Jingdezhen,Porcelain,Base shard,99,Lotus panels leaves,,1,Eroded,1946-IMG_4447.jpg1946-IMG_4446.jpg,,
1947,E20,B114,Bowl,Medium,B&W,Jingdezhen,Porcelain,Base,168,,Ducks in lotus pond,1,,1947-IMG_4449.jpg1947-IMG_4448.jpg,,
1948,E20,B114,Cover?,,B&W,Jingdezhen,Porcelain,Shard,12,Peony?,,1,Tiered,1948-IMG_4453.jpg1948-IMG_4452.jpg,,
1949,E20,B114,Vase,,B&W,Jingdezhen,Porcelain,Shard,18,Leaves frett work,,2,,1949-IMG_4455.jpg1949-IMG_4454.jpg,,
1950,E20,B112,Guan,,B&W,Jingdezhen,Porcelain,Shard,683,Peony,,1,Luted base,1950-IMG_4473.jpg1950-IMG_4472.jpg,,✓
1951,E20,B112,Bowl,Medium,B&W,Jingdezhen,Porcelain,,150,Lotus panels,Lotus bouquet,1,,1951-IMG_4475.jpg1951-IMG_4474.jpg,,
1952,E20,B112,Bowls,,B&W,Jingdezhen,Porcelain,Shards,24,Lotus panels,,2,,1952-IMG_4476.jpg1952-IMG_4477.jpg,,
1953,E18,B102,Bowl,Medium,B&W,Jingdezhen,Porcelain,,204,Lotus panels,Ducks in lotus pond,1,Eroded,1953-IMG_4478.jpg1953-IMG_4479.jpg,,
1954,E20,B118,Guan?,,B&W,Jingdezhen,Porcelain,Shard,85,Peony,,1,,1954-IMG_4480.jpg1954-IMG_4481.jpg,,
1955,E20,B118,Vases,,B&W,Jingdezhen,Porcelain,Shards,24,Lotus panels,,2,,1955-IMG_4482.jpg1955-IMG_4483.jpg,,
1956,E20,B118,Bowl,,B&W,Jingdezhen,Porcelain,Shard,10,Lotus panels,,1,Eroded,1956-IMG_4484.jpg1956-IMG_4485.jpg,,
1957,E18,B102,Bowl,Medium,B&W,Jingdezhen,Porcelain,Base,165,,Ducks in lotus pond,1,,1957-IMG_4486.jpg1957-IMG_4487.jpg,,
1958,E18,B102,Dish,Medium,B&W,Jingdezhen,Porcelain,Base shard,34,,Phoenix,1,,1958-IMG_4489.jpg1958-IMG_4488.jpg,,✓
1959,E18,B102,Vases,,B&W,Jingdezhen,Porcelain,Shards,42,,,3,,1959-IMG_4490.jpg1959-IMG_4491.jpg,,
1960,E12,B024,Bowls,,B&W,Jingdezhen,Porcelain,Shards,86,Lotus panels,,2,,1960-IMG_4493.jpg1960-IMG_4492.jpg,,
1961,E12,B023,Bowl,Small,B&W,Jingdezhen,Porcelain,Base,73,,Lotus bouquet,1,Shufu shape,1961-IMG_4496.jpg1961-IMG_4497.jpg,,
1962,E12,B023,Dish,Medium,B&W,Jingdezhen,Porcelain,Base shard,43,,,1,Eroded,1962-IMG_4498.jpg1962-IMG_4499.jpg,,
1963,E12,B023,Vases,,B&W,Jingdezhen,Porcelain,Shards,31,,,2,,1963-IMG_4501.jpg1963-IMG_4500.jpg,,
1964,E12,B023,Bowls,,B&W,Jingdezhen,Porcelain,Shards,54,,,6,,1964-IMG_4503.jpg1964-IMG_4502.jpg,,
1965,E12,B023,Vases,,B&W,Jingdezhen,Porcelain,Shards,4,Beard? scales,,2,,1965-IMG_4505.jpg1965-IMG_4504.jpg,,
1966,E12,B023,Cup,Small,B&W,Jingdezhen,Porcelain,Shard,1,,Chrysanthemum,1,,1966-IMG_4507.jpg1966-IMG_4506.jpg,,
1967,E18,B103,Cup,Small,B&W,Jingdezhen,Porcelain,Base,21,,Chrysanthemum,1,,1967-IMG_4508.jpg1967-IMG_4509.jpg,,
1968,E18,B103,Dish,Medium,B&W,Jingdezhen,Porcelain,Base shard,114,Lotus panels,Peony?,1,Eroded coral encrusted,1968-IMG_4510.jpg1968-IMG_4511.jpg,,
1969,D12,B026,Bowl?,Large,B&W,Jingdezhen,Porcelain,Base shard,224,Lotus panels,Chrysanthemum band leaves,1,Flat base,1969-IMG_4512.jpg1969-IMG_4513.jpg,,✓
1970,D12,B026,Vase,,B&W,Jingdezhen,Porcelain,Shard,6,Lotus pond,,1,,1970-IMG_4515.jpg1970-IMG_4514.jpg,,
1972,D12,B026,Bowls,,B&W,Jingdezhen,Porcelain,Shards,59,,,4,,1972-IMG_4518.jpg1972-IMG_4519.jpg,,
1973,E20,B144,Guan?,,B&W,Jingdezhen,Porcelain,Shard,66,Peony,,1,,1973-IMG_4521.jpg1973-IMG_4520.jpg,,
1974,E20,B144,Vase,,B&W,Jingdezhen,Porcelain,Shard,34,Lotus panels lotus,,1,,1974-IMG_4523.jpg1974-IMG_4522.jpg,,
1975,E20,B144,Guan?,,B&W,Jingdezhen,Porcelain,Neck shard,33,Chrysanthemum,,1,Flanged?,1975-IMG_4524.jpg1975-IMG_4525.jpg,,✓
1976,E20,B111,Bowl,Medium,B&W,Jingdezhen,Porcelain,Base,138,Lotus panels,Ducks in lotus pond,1,,1976-IMG_4526.jpg1976-IMG_4527.jpg,,
1977,E20,B111,Bowl,,B&W,Jingdezhen,Porcelain,Shard,7,Lotus panels,,1,,1977-IMG_4528.jpg1977-IMG_4529.jpg,,
1978,E19,B104,Vase,,B&W,Jingdezhen,Porcelain,Shard,11,Panels,,1,Faceted,1978-IMG_4532.jpg1978-IMG_4531.jpg,,
1979,E18,B102,Vase,,B&W,Jingdezhen,Porcelain,Shard,6,,,1,Unusual double lines and colour 2 of 1,1979-IMG_4533.jpg1979-IMG_4534.jpg,,✓
1980,E15,B056,Bowl,,B&W,Jingdezhen,Porcelain,Rim shard,11,Chrysanthemum band,Lotus band,1,,1980-IMG_4541.jpg1980-IMG_4540.jpg,,
1981,D15,B007,Bowls,,B&W,Jingdezhen,Porcelain,Shards,45,,,5,,1981-IMG_4544.jpg1981-IMG_4545.jpg,,
1982,E12,B021,Bowls,Small,B&W,Jingdezhen,Porcelain,Base,69,,Lotus bouquet,1,Shufu shape,1982-IMG_4548.jpg1982-IMG_4549.jpg,,
1983,E12,B021,Cup,Small,B&W,Jingdezhen,Porcelain,Shard,5,Leaves,,1,,1983-IMG_4551.jpg1983-IMG_4550.jpg,,
1984,E12,B021,Bowl,,B&W,Jingdezhen,Porcelain,Shard,5,Leaves,Leaves,1,,1984-IMG_4553.jpg1984-IMG_4552.jpg,,
1985,E12,B021,Vases,,B&W,Jingdezhen,Porcelain,Shards,7,,,3,,1985-IMG_4554.jpg1985-IMG_4555.jpg,,
1986,E11,B042,Vase,,B&W,Jingdezhen,Porcelain,Shard,20,Leaves scroll,,1,,1986-IMG_4558.jpg1986-IMG_4559.jpg,,
1987,E12,B019,Cup,Small,B&W,Jingdezhen,Porcelain,Rim shard,5,Chrysanthemum,Frett work,1,,1987-IMG_4562.jpg1987-IMG_4563.jpg,,
1988,E12,B019,Ewer,,B&W,Jingdezhen,Porcelain,Handle shard,9,Scroll,,1,,1988-IMG_4565.jpg1988-IMG_4564.jpg,,
1989,E12,B019,Vases,,B&W,Jingdezhen,Porcelain,Shards,11,,,2,,1989-IMG_4567.jpg1989-IMG_4566.jpg,,
1990,E12,B019,Bowls,,B&W,Jingdezhen,Porcelain,Shards,36,,,6,,1990-IMG_4568.jpg1990-IMG_4569.jpg,,
1991,E18,B101,Bowl,Medium,B&W,Jingdezhen,Porcelain,Base shard,82,Lotus panels,Ducks in lotus pond,1,,1991-IMG_4573.jpg1991-IMG_4572.jpg,,
1992,E18,B101,Bowl,,B&W,Jingdezhen,Porcelain,Shard,56,Lotus panels,Lotus pond,1,Eroded,1992-IMG_4575.jpg1992-IMG_4574.jpg,,
1993,E16,B080,Bowl,,B&W,Jingdezhen,Porcelain,Shard,114,Lotus panels,Peony?,1,,1993-IMG_4578.jpg1993-IMG_4579.jpg,,
1994,E16,B080,Bowl,,B&W,Jingdezhen,Porcelain,Shard,30,Lotus panels lotus,Lotus pond?,1,,1994-IMG_4581.jpg1994-IMG_4580.jpg,,
1995,E16,B080,Vase,,B&W,Jingdezhen,Porcelain,Shard,17,Lotus panels scroll panels,,1,Faceted,1995-IMG_4582.jpg1995-IMG_4583.jpg,,
1996,E16,B088,Bowl,Medium,B&W,Jingdezhen,Porcelain,Base,232,Lotus panels,Lotus pond,1,,1996-IMG_4777.jpg1996-IMG_4776.jpg,,✓
1997,E16,B088,Vase,,B&W,Jingdezhen,Porcelain,Shard,56,Dragon,,1,3 claw,1997-IMG_4779.jpg1997-IMG_4778.jpg,,
1998,E16,B088,Bowl,,B&W,Jingdezhen,Porcelain,Shard,10,Lotus,,1,,1998-IMG_4781.jpg1998-IMG_4780.jpg,,
1999,E16,B088,Ewer,,B&W,Jingdezhen,Porcelain,Handle shard,8,Dots,,1,,1999-IMG_4782.jpg1999-IMG_4783.jpg,,✓
2000,E16,B088,Bowl,,B&W,Jingdezhen,Porcelain,Base shard,84,Lotus panels,Double vajra?,1,,2000-IMG_4784.jpg2000-IMG_4785.jpg,,
2028,E12,B021,Vase,,B&W,Jingdezhen,Porcelain,Shard,17,Lotus panels scrolls,,1,,2028-IMG_4786.jpg2028-IMG_4787.jpg,,
2029,E12,B021,Vase,,B&W,Jingdezhen,Porcelain,Shard,5,Floral panels,,1,Faceted,2029-IMG_4789.jpg2029-IMG_4788.jpg,,
2030,E12,B027,Bowl,,B&W,Jingdezhen,Porcelain,Rim shard,18,Lotus panels lotus scrolls,Scrolls,1,,2030-IMG_4791.jpg2030-IMG_4790.jpg,,
2031,E12,B021,Vase,,B&W,Jingdezhen,Porcelain,Shard,25,Lotus,,1,,2031-IMG_4793.jpg2031-IMG_4792.jpg,,
2032,E12,B021,Bowl,,B&W,Jingdezhen,Porcelain,Shard,35,Lotus panels,,1,,2032-IMG_4795.jpg2032-IMG_4794.jpg,,
2033,E12,B021,Bowls,,B&W,Jingdezhen,Porcelain,Shards,32,,,3,,2033-IMG_4797.jpg2033-IMG_4796.jpg,,
2034,E16,B089,Vase,,B&W,Jingdezhen,Porcelain,Shard,47,Lotus panels lotus,,1,Internal crack repair,2034-IMG_4798.jpg2034-IMG_4799.jpg,,
2035,E16,B089,Bowls,,B&W,Jingdezhen,Porcelain,Shards,132,,,6,,2035-IMG_4800.jpg2035-IMG_4801.jpg,,
2036,E16,B085,Vase,,B&W,Jingdezhen,Porcelain,Shard,27,Lotus scroll,,1,,2036-IMG_4885.jpg2036-IMG_4886.jpg,,
2037,E16,B085,Vase,,B&W,Jingdezhen,Porcelain,Shard,12,Lotus panels,,1,Faceted,2037-IMG_4887.jpg2037-IMG_4888.jpg,,
2038,E16,B085,Vase,,B&W,Jingdezhen,Porcelain,Shard,45,Lotus scroll,,1,,2038-IMG_4889.jpg2038-IMG_4890.jpg,,
2039,E16,B085,Vase,,B&W,Jingdezhen,Porcelain,Shard,20,Dragon,,1,,2039-IMG_4892.jpg2039-IMG_4891.jpg,,
2040,E16,B085,Bowl,Medium,B&W,Jingdezhen,Porcelain,Base,119,,Lotus bouquet,1,,2040-IMG_4894.jpg2040-IMG_4893.jpg,,
2041,E16,B085,Bowl,Small,B&W,Jingdezhen,Porcelain,Base,59,,Floral bouquet,1,,2041-IMG_4896.jpg2041-IMG_4895.jpg,,
2042,E13,B018,Bowl,,B&W,Jingdezhen,Porcelain,Shard,12,Scroll,Lotus,1,Green from algae,2042-IMG_4898.jpg2042-IMG_4897.jpg,,
2043,E16,B085,Cover,Small,B&W,Jingdezhen,Porcelain,Shard,11,Scroll,,1,Tiered knob missing,2043-IMG_5017.jpg2043-IMG_5018.jpg2043-IMG_5019.jpg,,✓
2044,E16,B085,Vase,,B&W,Jingdezhen,Porcelain,Shard,31,Pine prunus scroll,,1,,2044-IMG_5021.jpg2044-IMG_5020.jpg,,
2045,E16,B085,Vase,,B&W,Jingdezhen,Porcelain,Shard,23,Lotus panels scroll cloud,,1,Luted,2045-IMG_5022.jpg2045-IMG_5023.jpg,,
2046,E16,B084,Bowls,,B&W,Jingdezhen,Porcelain,Shards,77,,,3,,2046-IMG_5024.jpg2046-IMG_5025.jpg,,
2047,E16,B084,Vase,Large,B&W,Jingdezhen,Porcelain,Shard,85,Chrysanthemum?,,1,Bright blue cobalt diffused,2047-IMG_5026.jpg2047-IMG_5027.jpg,,✓
2048,E16,B084,Vases,,B&W,Jingdezhen,Porcelain,Shards,30,,,3,Faceted,2048-IMG_5028.jpg2048-IMG_5029.jpg,,
2049,E16,B084,Vases,,B&W,Jingdezhen,Porcelain,Shards,40,,,4,,2049-IMG_5032.jpg2049-IMG_5031.jpg,,
2050,E16,B084,Vase,,B&W,Jingdezhen,Porcelain,Shard,29,Chrysanthemum,,1,Applique prawn,2050-IMG_5033.jpg2050-IMG_5034.jpg2050-IMG_5035.jpg,,✓
2051,E16,B084,Bowl,,B&W,Jingdezhen,Porcelain,Shard,7,Lotus panels,,1,,2051-IMG_5036.jpg2051-IMG_5037.jpg,,
2052,E16,B088,Vase,,B&W,Jingdezhen,Porcelain,Shard,24,Lotus panels,,1,,2052-IMG_5038.jpg2052-IMG_5039.jpg,,
2053,E16,B083,Bowls,,B&W,Jingdezhen,Porcelain,Shards,55,,,3,,2053-IMG_5041.jpg2053-IMG_5040.jpg,,
2054,E16,B083,Cover?,,B&W,Jingdezhen,Porcelain,Shard,50,Lotus panels with flaming pearls scroll,,1,Tiered,2054-IMG_5042.jpg2054-IMG_5043.jpg2054-IMG_5044.jpg,,✓
2055,E16,B083,Jarlet?,,B&W,Jingdezhen,Porcelain,Base shard,24,,,1,Flat base,2055-IMG_5046.jpg2055-IMG_5045.jpg,,
2056,E16,B083,Vase,,B&W,Jingdezhen,Porcelain,Shard,10,Lotus panels,,1,,2056-IMG_5047.jpg2056-IMG_5048.jpg,,
2057,E16,B083,Bowl,,B&W,Jingdezhen,Porcelain,Shard,16,Lotus band,Scrolls,1,,2057-IMG_5150.jpg2057-IMG_5151.jpg,,
2058,E16,B083,Vase,,B&W,Jingdezhen,Porcelain,Shard,9,Lotus panels,,1,,2058-IMG_5153.jpg2058-IMG_5152.jpg,,
2059,E15,B047,Ewer,,B&W,Jingdezhen,Porcelain,Handle shard,31,Lotus buds scrolls,,1,Vertical luting,2059-IMG_5155.jpg2059-IMG_5154.jpg,,✓
2060,E15,B047,Vase,,B&W,Jingdezhen,Porcelain,Shard,53,Peony fret work,,1,,2060-IMG_5157.jpg2060-IMG_5156.jpg,,
2061,E15,B047,Bowls,,B&W,Jingdezhen,Porcelain,Shards,41,Lotus panels petals,Lotus,2,,2061-IMG_5158.jpg2061-IMG_5159.jpg,,
2062,E15,B047,Vase,,B&W,Jingdezhen,Porcelain,Shard,10,Lotus panels floral,,1,,2062-IMG_5161.jpg2062-IMG_5160.jpg,,
2063,E15,B047,Vase,,B&W,Jingdezhen,Porcelain,Shard,17,Coral,,1,,2063-IMG_5162.jpg2063-IMG_5163.jpg,,✓
2064,E16,B083,Bowl,Small,B&W,Jingdezhen,Porcelain,Base,62,,Lotus bouquet,1,,2064-IMG_5164.jpg2064-IMG_5165.jpg,,
2065,E16,B083,Bowl,,B&W,Jingdezhen,Porcelain,Shard,44,Lotus petals chrysanthemum band,Scrolls,1,,2065-IMG_5166.jpg2065-IMG_5167.jpg,,
2066,E16,B083,Cup,Small,B&W,Jingdezhen,Porcelain,Shard,9,Leaves,,1,,2066-IMG_5168.jpg2066-IMG_5169.jpg,,
2067,E15,B048,Guan,,B&W,Jingdezhen,Porcelain,Shard,42,Lotus panels scrolls,,1,,2067-IMG_5435.jpg2067-IMG_5434.jpg,,
2068,E15,B048,Vase,,B&W,Jingdezhen,Porcelain,Shard,10,,,1,,2068-IMG_5436.jpg2068-IMG_5437.jpg,,
2069,E17,B095,Guan,,B&W,Jingdezhen,Porcelain,Shard,119,Chrysanthemum?,,1,,2069-IMG_5493.jpg2069-IMG_5492.jpg,,
2070,E17,B095,Bowls,,B&W,Jingdezhen,Porcelain,Shards,22,,,4,,2070-IMG_5495.jpg2070-IMG_5494.jpg,,
2071,E17,B095,Ewer,,B&W,Jingdezhen,Porcelain,Handle shard,9,Frett work,,1,,2071-IMG_5497.jpg2071-IMG_5496.jpg,,
2072,E17,B095,Vases,,B&W,Jingdezhen,Porcelain,Shards,29,Ducks in lotus pond,,2,,2072-IMG_5499.jpg2072-IMG_5498.jpg,,
2073,E17,B094,Bowl,Medium,B&W,Jingdezhen,Porcelain,Base,251,Lotus panels,Lotus bouquet,1,,2073-IMG_5501.jpg2073-IMG_5500.jpg,,
2074,E17,B094,Dish,Medium,B&W,Jingdezhen,Porcelain,Base shard,61,,Floral,1,,2074-IMG_5502.jpg2074-IMG_5503.jpg,,
2075,E17,B095,Bowl,Medium,B&W,Jingdezhen,Porcelain,Base,150,,Lotus,1,,2075-IMG_7321.jpg2075-IMG_7320.jpg,,
2076,D12,B029,Bowl?,Small,B&W,Jingdezhen,Porcelain,Base,73,,Lotus bouquet,1,Eroded,2076-IMG_7323.jpg2076-IMG_7322.jpg,,
2077,D12,B029,Dish,Medium,B&W,Jingdezhen,Porcelain,Base shard,53,,Dragon,1,,2077-IMG_7324.jpg2077-IMG_7325.jpg,,
2078,D14,B028,Bowl,Medium,B&W,Jingdezhen,Porcelain,Base,165,,Double vajra,1,,2078-IMG_7326.jpg2078-IMG_7327.jpg,,✓
2079,E17,B095,Vase,,B&W,Jingdezhen,Porcelain,Shard,43,Scroll band,,1,Luted,2079-IMG_7329.jpg2079-IMG_7328.jpg,,
2080,E17,B095,Vase,,B&W,Jingdezhen,Porcelain,Shard,8,,Floral,1,Facetted,2080-IMG_7330.jpg2080-IMG_7331.jpg,,
2081,E17,B094,Bowl,,B&W,Jingdezhen,Porcelain,Shard,35,Lotus panels,Lotus,1,Eroded,2081-IMG_7333.jpg2081-IMG_7332.jpg,,
2082,C12,B030,Bowl,,B&W,Jingdezhen,Porcelain,Rim shard,19,Lotus scroll,Scrolls,1,,2082-IMG_7335.jpg2082-IMG_7334.jpg,,
2083,E17,B094,Vase,,B&W,Jingdezhen,Porcelain,Shard,4,Lotus panels,,1,,2083-IMG_7337.jpg2083-IMG_7336.jpg,,
2084,D12,B029,Bowl,,B&W,Jingdezhen,Porcelain,Shard,6,Lotus panels,Lotus,1,,2084-IMG_7339.jpg2084-IMG_7338.jpg,,
2085,D12,B033,Bowl,,B&W,Jingdezhen,Porcelain,Shard,9,Lotus scroll,,1,Eroded,2085-IMG_7341.jpg2085-IMG_7340.jpg,,
2086,D12,B029,Bowl,,B&W,Jingdezhen,Porcelain,Shard,8,Lotus panels,Lotus,1,Eroded,2086-IMG_7343.jpg2086-IMG_7342.jpg,,
2087,D12,B029,Vase,,B&W,Jingdezhen,Porcelain,Base shard,22,Lotus panels,,1,Flat base,2087-IMG_7345.jpg2087-IMG_7344.jpg,,
2088,D12,B029,Cover,,B&W,Jingdezhen,Porcelain,Rim shard,15,Chrysanthemum,,1,,2088-IMG_7347.jpg2088-IMG_7346.jpg,,✓
2089,D12,B029,Bowl,,B&W,Jingdezhen,Porcelain,Shard,27,Lotus panels,,1,,2089-IMG_7348.jpg2089-IMG_7349.jpg,,
2090,D12,B029,Bowl,,B&W,Jingdezhen,Porcelain,Shard,34,Lotus,Chrysanthemum,1,,2090-IMG_7350.jpg2090-IMG_7351.jpg,,
2091,D12,B029,Vase,,B&W,Jingdezhen,Porcelain,Shard,7,Lotus panels,,1,,2091-IMG_7352.jpg2091-IMG_7353.jpg,,
2092,D12,B029,Vase,,B&W,Jingdezhen,Porcelain,Shard,3,Lotus panels,,1,Fired orange on reverse,2092-IMG_7355.jpg2092-IMG_7354.jpg,,
2093,D12,B029,Vase,,B&W,Jingdezhen,Porcelain,Shard,3,Waves,,1,,2093-IMG_7356.jpg2093-IMG_7357.jpg,,
2094,E17,B092,Bowl,,B&W,Jingdezhen,Porcelain,Shard,28,Lotus panels,,1,,2094-IMG_8929.jpg2094-IMG_8928.jpg,,
2095,E17,B092,Vase,,B&W,Jingdezhen,Porcelain,Shard,15,Lotus,,1,,2095-IMG_8931.jpg2095-IMG_8930.jpg,,
2096,E17,B092,Vase,,R&W,Jingdezhen,Porcelain,Shard,5,Lotus panels,,1,,2096-IMG_8933.jpg2096-IMG_8932.jpg,,✓
2097,E17,B093,Bowl,,B&W,Jingdezhen,Porcelain,Shard,9,Lotus,,1,,2097-IMG_8934.jpg2097-IMG_8935.jpg,,
2098,E17,B093,Bowl,,B&W,Jingdezhen,Porcelain,Shard,9,Lotus panels,,1,,2098-IMG_8936.jpg2098-IMG_8937.jpg,,
2099,E17,B093,Bowl,,B&W,Jingdezhen,Porcelain,Shard,12,Lotus panels,,1,,2099-IMG_8938.jpg2099-IMG_8939.jpg,,
2100,E17,B093,Bowl,,B&W,Jingdezhen,Porcelain,Shard,32,Lotus scrolls,Chrysanthemum,1,,2100-IMG_8940.jpg2100-IMG_8941.jpg,,
2101,E17,B092,Bowl,Medium,B&W,Jingdezhen,Porcelain,Base,191,Lotus panels,Fungus,1,,2101-IMG_8942.jpg2101-IMG_8943.jpg,,✓
2102,E17,B092,Bowl,Small,B&W,Jingdezhen,Porcelain,Base,87,,Lotus bouquet,1,,2102-IMG_8944.jpg2102-IMG_8945.jpg,,
2103,E17,B092,Bowl,,B&W,Jingdezhen,Porcelain,Shards,57,Lotus panels,Lotus scrolls,4,,2103-IMG_8947.jpg2103-IMG_8946.jpg,,
2104,E17,B092,Stem cup,Small,B&W,Jingdezhen,Porcelain,Shard,5,Vegetal,,1,,2104-IMG_8948.jpg2104-IMG_8949.jpg,,
2105,E17,B092,Bowl,,B&W,Jingdezhen,Porcelain,Shard,22,,Fungus,1,Cross hatching,2105-IMG_8950.jpg2105-IMG_8951.jpg,,
2106,E17,B092,Vase,,B&W,Jingdezhen,Porcelain,Shard,19,Chrysanthemum scrolls,,1,,2106-IMG_8952.jpg2106-IMG_8953.jpg,,
2107,E17,B092,Vases,,B&W,Jingdezhen,Porcelain,Shards,15,Lotus panels,,2,,2107-IMG_8954.jpg2107-IMG_8955.jpg,,
2108,E17,B092,Vases,,B&W,Jingdezhen,Porcelain,Shards,118,Lotus panels scrolls waves in lappet,,2,,2108-IMG_8957.jpg2108-IMG_8956.jpg,,✓
2109,E17,B092,Vases,,B&W,Jingdezhen,Porcelain,Shards,52,Peony and lotus panels frett work,,2,Faceted,2109-IMG_8959.jpg2109-IMG_8958.jpg,,✓
2110,E17,B092,Vase,,B&W,Jingdezhen,Porcelain,Shard,13,Waves,,1,,2110-IMG_8961.jpg2110-IMG_8960.jpg,,
2111,E17,B092,Ewer,,B&W,Jingdezhen,Porcelain,Handle shard,34,Lotus scrolls,,1,Flanked by applique spirals,2111-IMG_8963.jpg2111-IMG_8962.jpg,,✓
2112,E17,B092,Bowls,,B&W,Jingdezhen,Porcelain,Shards,45,Lotus panels,Lotus,3,,2112-IMG_8964.jpg2112-IMG_8965.jpg,,
2113,E17,B093,Bowl,Small,B&W,Jingdezhen,Porcelain,Base,70,,Lotus bouquet,1,,2113-IMG_8966.jpg2113-IMG_8967.jpg,,
2114,E17,B093,Bowl,Medium,B&W,Jingdezhen,Porcelain,Base,89,,Lotus,1,,2114-IMG_8969.jpg2114-IMG_8968.jpg,,
2115,E17,B093,Bowl,Medium,B&W,Jingdezhen,Porcelain,Base,107,,Dragon,1,Eroded,2115-IMG_8970.jpg2115-IMG_8971.jpg,,
2116,E17,B093,Vases,,B&W,Jingdezhen,Porcelain,Shards,66,Lotus,,2,,2116-IMG_8972.jpg2116-IMG_8973.jpg,,
2117,E17,B093,Bowl,,B&W,Jingdezhen,Porcelain,Shard,3,Lotus,Lotus,1,,2117-IMG_8974.jpg2117-IMG_8975.jpg,,
2118,E17,B093,Bowl,Medium,B&W,Jingdezhen,Porcelain,Base,170,Lotus panels,Ducks in lotus pond,1,,2118-IMG_8977.jpg2118-IMG_8976.jpg,,
2119,E17,B093,Bowl,,B&W,Jingdezhen,Porcelain,Shard,62,Lotus panels,,1,,2119-IMG_8978.jpg2119-IMG_8979.jpg,,
2120,E17,B093,Vase,,B&W,Jingdezhen,Porcelain,Shard,51,Lotus panels fungus frett work,,1,,2120-IMG_8980.jpg2120-IMG_8981.jpg,,
2121,E17,B093,Vase,,B&W,Jingdezhen,Porcelain,Neck shard,6,Plantain leaf,,1,Faceted,2121-IMG_8984.jpg2121-IMG_8982.jpg,,
2122,E17,B093,Bowls,,B&W,Jingdezhen,Porcelain,Shards,27,Lotus panels lotus,Chrysanthemum ducks in lotus pond,2,,2122-IMG_8986.jpg2122-IMG_8985.jpg,,
2123,E17,B093,Bowl,,B&W,Jingdezhen,Porcelain,Shard,28,Lotus,Lotus,1,,2123-IMG_8987.jpg2123-IMG_8988.jpg,,
2124,E17,B091,Vases,,B&W,Jingdezhen,Porcelain,Shards,12,Lotus,,2,,2124-IMG_8989.jpg2124-IMG_8990.jpg,,
2125,E17,B091,Bowl,Medium,B&W,Jingdezhen,Porcelain,Base,164,,Ducks in lotus pond,1,,2125-IMG_8991.jpg2125-IMG_8992.jpg,,
2126,E17,B091,Dish,,B&W,Jingdezhen,Porcelain,Base shard,41,,Ducks in lotus pond,1,,2126-IMG_8993.jpg2126-IMG_8994.jpg,,
2127,E17,B091,Vase,,B&W,Jingdezhen,Porcelain,Shard,14,Lotus panels scrolls,,1,Eroded,2127-IMG_8995.jpg2127-IMG_8996.jpg,,
2128,E17,B091,Cover?,,B&W,Jingdezhen,Porcelain,Shard,34,Pheonix,,1,Tiered,2128-IMG_8997.jpg2128-IMG_8998.jpg,,
2129,E16,B090,Vase,,B&W,Jingdezhen,Porcelain,Shard,168,Chrysanthemum,,1,,2129-IMG_9000.jpg2129-IMG_8999.jpg,,✓
2130,E16,B090,Bottle?,,B&W,Jingdezhen,Porcelain,Soulder shard,23,Scrolls ribbons,,1,Tiered eroded,2130-IMG_9001.jpg2130-IMG_9002.jpg,,✓
2131,E16,B090,Vase,,B&W,Jingdezhen,Porcelain,Shard,26,Lotus panels,,1,Eroded,2131-IMG_9003.jpg2131-IMG_9004.jpg,,
2132,E16,B090,Vase,,B&W,Jingdezhen,Porcelain,Shard,34,Leaf,,1,,2132-IMG_9005.jpg2132-IMG_9006.jpg,,
2133,E16,B090,Vase,,B&W,Jingdezhen,Porcelain,Shard,23,Fungus,,1,,2133-IMG_9007.jpg2133-IMG_9008.jpg,,
2134,E16,B090,Bowls,,B&W,Jingdezhen,Porcelain,Shards,60,Lotus panels chrystanthemum,Lotus scrolls,4,,2134-IMG_9010.jpg2134-IMG_9009.jpg,,
2135,E19,B104,Bowl,Medium,B&W,Jingdezhen,Porcelain,Base,223,,Lotus bouquet,1,,2135-IMG_2041.jpg2135-IMG_2042.jpg,,
2136,E19,B109,Bowl,Large,B&W,Jingdezhen,Porcelain,Base shard,168,Lotus panels,Peony?,1,Thick base,2136-IMG_2043.jpg2136-IMG_2044.jpg2136-IMG_2045.jpg,,
2137,E19,B106,Vase,,B&W,Jingdezhen,Porcelain,Shard,16,,Branch scroll,1,,2137-IMG_2047.jpg2137-IMG_2046.jpg,,
2138,E17,B093,Dish,Small,B&W,Jingdezhen,Porcelain,Shards,15,,Lotus bouquet,2,Very thin repaired,2138-IMG_2049.jpg2138-IMG_2048.jpg,,
2139,E20,B118,Bowl,,B&W,Jingdezhen,Porcelain,Shard,23,,Dragon,1,Eroded,2139-IMG_2051.jpg2139-IMG_2050.jpg,,
2140,E20,B118,Bowls,,B&W,Jingdezhen,Porcelain,Shards,36,Lotus panels,Lotus,2,,2140-IMG_2052.jpg2140-IMG_2053.jpg,,
2141,E20,B118,Bowl,Small,B&W,Jingdezhen,Porcelain,Base,64,,Lotus,1,,2141-IMG_2055.jpg2141-IMG_2054.jpg,,
2142,E20,B119,Vase,,B&W,Jingdezhen,Porcelain,Shard,9,Lotus panels scrolls phoenix,,1,,2142-IMG_2057.jpg2142-IMG_2056.jpg,,
2143,E20,B112,Vase,,B&W,Jingdezhen,Porcelain,Shard,8,,,1,Eroded,2143-IMG_2058.jpg2143-IMG_2059.jpg,,
2144,E18,B102,Unknown,,B&W,Jingdezhen,Porcelain,Shard,2,Square diaper pattern,,1,Very thin,2144-IMG_2061.jpg2144-IMG_2060.jpg2144-IMG_2062.jpg,,✓
2145,E11,B042,Unknown,,B&W,Jingdezhen,Porcelain,Shard,19,,,1,Fragments of blue remain,2145-IMG_2063.jpg2145-IMG_2064.jpg,,
2146,E19,B104,Jarlet,,B&W,Jingdezhen,Porcelain,Shard,14,,,1,Appliquet ribbing,2146-IMG_2065.jpg2146-IMG_2066.jpg,,✓
2147,E19,B104,Vase,,B&W,Jingdezhen,Porcelain,Neck shard,9,,,1,No blue visible,2147-IMG_2069.jpg2147-IMG_2067.jpg2147-IMG_2068.jpg,,
2148,E16,B088,Vase,,R&W,Jingdezhen,Porcelain,Shard,29,Scroll rings,,1,Only impression of red remains,2148-IMG_2070.jpg2148-IMG_2071.jpg,,✓
2149,D11,B037,Vase,,B&W,Jingdezhen,Porcelain,Shard,6,Lotus panels,,1,,2149-IMG_2997.jpg2149-IMG_2998.jpg,,
2150,D11,B036,Vase,,R&W,Jingdezhen,Porcelain,Shard,7,Scroll,,1,Eroded,2150-IMG_2999.jpg2150-IMG_3000.jpg,,
2151,D11,B036,Bowl,,B&W,Jingdezhen,Porcelain,Shard,3,,Rings,1,,2151-IMG_3002.jpg2151-IMG_3001.jpg,,
2152,D13,B013,Bowl,Small,B&W,Jingdezhen,Porcelain,Base,74,,Ducks in lotus pond,1,,2152-IMG_3004.jpg2152-IMG_3003.jpg,,✓
2153,D13,B013,Vase,,B&W,Jingdezhen,Porcelain,Shard,8,Cloud,,1,,2153-IMG_3006.jpg2153-IMG_3005.jpg,,
2154,D13,B013,Bowl,,B&W,Jingdezhen,Porcelain,Shard,4,Lotus panels scrolls vegetation,Lotus scroll,1,,2154-IMG_3007.jpg2154-IMG_3008.jpg,,
2155,D13,B013,Vase,,B&W,Jingdezhen,Porcelain,Shard,35,,,1,Feceted,2155-IMG_3009.jpg2155-IMG_3010.jpg,,
2156,D11,B036,Vase,,B&W,Jingdezhen,Porcelain,Shards,21,Chrysanthemum scrolls,,3,,2156-IMG_3012.jpg2156-IMG_3011.jpg,,
2157,D11,B036,Dish,,B&W,Jingdezhen,Porcelain,Rim shard,7,Ring,Scrolls,1,Everted rim,2157-IMG_3015.jpg2157-IMG_3014.jpg2157-IMG_3013.jpg,,✓
2158,E22,B132,Dish,,B&W,Jingdezhen,Porcelain,Base shard,44,,Floral,1,,2158-IMG_3017.jpg2158-IMG_3016.jpg,,
2159,E22,B132,Vase,,B&W,Jingdezhen,Porcelain,Shards,56,Lotus panels lotus,,2,,2159-IMG_3020.jpg2159-IMG_3019.jpg,,
2160,E22,B132,Bowl,,B&W,Jingdezhen,Porcelain,Shard,14,,,1,,2160-IMG_3022.jpg2160-IMG_3021.jpg,,
2161,D12,B033,Vase,,B&W,Jingdezhen,Porcelain,Shard,12,Lotus panels lotus,,1,,2161-IMG_3023.jpg2161-IMG_3024.jpg,,
2162,E22,B132,Vase,,B&W,Jingdezhen,Porcelain,Shards,16,Waves water plants,,3,,2162-IMG_3026.jpg2162-IMG_3025.jpg,,
2163,E11,B043,Vase,,B&W,Jingdezhen,Porcelain,Shard,4,,,1,,2163-IMG_3027.jpg2163-IMG_3028.jpg,,
2164,E22,B131,Vase,,B&W,Jingdezhen,Porcelain,Shards,23,Lotus panels fretwork,,2,,2164-IMG_3029.jpg2164-IMG_3030.jpg,,
2165,E22,B131,Vase,,B&W,Jingdezhen,Porcelain,Neck shard,8,Lotus,,1,Faceted,2165-IMG_3031.jpg2165-IMG_3032.jpg,,
2166,D11,B037,Guan,Small,B&W,Jingdezhen,Porcelain,Shard,46,Chrysanthemum,,1,,2166-IMG_3033.jpg2166-IMG_3034.jpg,,
2167,D11,B037,Vase,,B&W,Jingdezhen,Porcelain,Shards,20,Scrolls lotus,,2,,2167-IMG_3036.jpg2167-IMG_3035.jpg,,
2168,E19,B109,Bowl,,B&W,Jingdezhen,Porcelain,Shards,12,Lotus scroll,Lotus,2,,2168-IMG_3038.jpg2168-IMG_3037.jpg,,
2169,E19,B109,Vase,,B&W,Jingdezhen,Porcelain,Shard,25,Scrolls lotus,,1,Faceted,2169-IMG_3039.jpg2169-IMG_3040.jpg,,
2170,E19,B106,Bowl,,B&W,Jingdezhen,Porcelain,Shard,4,Lotus,Lotus,1,,2170-IMG_3041.jpg2170-IMG_3042.jpg,,
2171,E19,B108,Vase,,B&W,Jingdezhen,Porcelain,Neck shard,8,Lotus panels,,1,Faceted,2171-IMG_3044.jpg2171-IMG_3043.jpg,,
2172,E22,B132,Vase,,R&W,Jingdezhen,Porcelain,Shard,8,Lotus,,1,Eroded,2172-IMG_3046.jpg2172-IMG_3045.jpg,,
2173,E12,B019,Bowl,Medium,B&W,Jingdezhen,Porcelain,Base,143,Lotus panels,Lotus bouquet,1,,2173-IMG_3722.jpg2173-IMG_3723.jpg,,
2174,E12,B019,Bowl,Medium,B&W,Jingdezhen,Porcelain,Base,142,Lotus panels,Lotus scrolls,1,,2174-IMG_3725.jpg2174-IMG_3724.jpg,,
2175,E12,B019,Guan,Small,B&W,Jingdezhen,Porcelain,Shard,33,Peony,,1,,2175-IMG_3726.jpg2175-IMG_3727.jpg,,
2176,E13,B018,Bowl,Large,B&W,Jingdezhen,Porcelain,Base,451,Lotus panels,Lotus pond,1,,2176-IMG_3728.jpg2176-IMG_3730.jpg2176-IMG_3729.jpg,,
2177,E15,B054,Vase,Large,B&W,Jingdezhen,Porcelain,Shard,30,Lotus panels,,1,Luted,2177-IMG_3731.jpg2177-IMG_3732.jpg,,
2178,E15,B054,Vase,,B&W,Jingdezhen,Porcelain,Shard,7,Scroll lotus pond,,1,,2178-IMG_3733.jpg2178-IMG_3734.jpg,,
2179,E13,B018,Bowl,Small,B&W,Jingdezhen,Porcelain,Base shard,82,Lotus panels,Lotus,1,,2179-IMG_3735.jpg2179-IMG_3736.jpg,,
2180,E13,B018,Vase,Large,B&W,Jingdezhen,Porcelain,Shard,62,Scrolls,,1,Luted,2180-IMG_3738.jpg2180-IMG_3737.jpg,,
2181,E16,B068,Bowl,Small,B&W,Jingdezhen,Porcelain,Base,72,,Lotus bouquet,1,,2181-IMG_3740.jpg2181-IMG_3739.jpg,,
2182,E16,B069,Vase,,B&W,Jingdezhen,Porcelain,Shard,34,Lotus panels leaves in cross-hatched reverse,,1,Reverse decorated luted,2182-IMG_3741.jpg2182-IMG_3742.jpg,,
2183,E13,B018,Bowl,Medium,B&W,Jingdezhen,Porcelain,Base,220,Lotus panels,Ducks in lotus pond,1,,2183-IMG_4230.jpg2183-IMG_4231.jpg,,
2184,E13,B018,Vase,,B&W,Jingdezhen,Porcelain,Shard,2,Fretwork band,,1,,2184-IMG_4232.jpg2184-IMG_4233.jpg,,
2185,E19,B107,Guan,Small,B&W,Jingdezhen,Porcelain,Shard,67,Phoenix lotus scroll,,1,,2185-IMG_4235.jpg2185-IMG_4234.jpg,,✓
2186,E16,B076,Bowl,Medium,B&W,Jingdezhen,Porcelain,Base,139,Lotus petals,Lotus lotus scroll band,1,,2186-IMG_4236.jpg2186-IMG_4237.jpg,,✓
2187,E16,B076,Vase,,B&W,Jingdezhen,Porcelain,Shard,8,Phoenix cloud,,1,,2187-IMG_4239.jpg2187-IMG_4238.jpg,,
2188,E16,B076,Bowl,Small,B&W,Jingdezhen,Porcelain,Shard,38,Lotus panels,Ducks in lotus pond,1,Ducks facing outwards,2188-IMG_4240.jpg2188-IMG_4241.jpg,,✓
2189,E16,B076,Bowl,,B&W,Jingdezhen,Porcelain,Shard,26,Lotus panels lotus scroll band,Lotus scrolls,1,,2189-IMG_4242.jpg2189-IMG_4243.jpg,,
2190,E11,B041,Bowl,Medium,B&W,Jingdezhen,Porcelain,Base,68,,Ducks in lotus pond,1,,2190-IMG_4245.jpg2190-IMG_4244.jpg,,
2191,E11,B041,Vase,,B&W,Jingdezhen,Porcelain,Shard,7,,,1,,2191-IMG_4247.jpg2191-IMG_4246.jpg,,
2192,E11,B041,Bowl,Medium,B&W,Jingdezhen,Porcelain,Base,119,,Double vajra design but floral,1,,2192-IMG_4249.jpg2192-IMG_4248.jpg,,✓
2193,J12,B065,Bowl,,B&W,Jingdezhen,Porcelain,Shard,2,,Floral,1,,2193-IMG_4250.jpg2193-IMG_4251.jpg,,
2194,E14,B107,Bowl,,B&W,Jingdezhen,Porcelain,Shards,7,Lotus scroll band,Lotus scroll band,2,,2194-IMG_4252.jpg2194-IMG_4253.jpg,,
2195,E16,B080,Jarlet,,B&W,Jingdezhen,Porcelain,Shard,14,Beaded ribs,,1,Applique,2195-IMG_4254.jpg2195-IMG_4255.jpg,,✓
2196,E19,B105,Bowl,,B&W,Jingdezhen,Porcelain,Shards,2,Lotus scroll band,,2,,2196-IMG_4257.jpg2196-IMG_4256.jpg,,
2197,E19,B108,Vase,,B&W,Jingdezhen,Porcelain,Shard,5,Unidentified,,1,,2197-IMG_4258.jpg2197-IMG_4259.jpg,,
2198,E16,B079,Bowl,Medium,B&W,Jingdezhen,Porcelain,Base,184,Lotus panels,Lotus bouquet,1,,2198-IMG_4261.jpg2198-IMG_4260.jpg,,
2199,E16,B079,Bowl,Medium,B&W,Jingdezhen,Porcelain,Shard,52,Lotus panels,Lotus pond,1,,2199-IMG_4263.jpg2199-IMG_4262.jpg,,
2200,E16,B079,Guan,Small,B&W,Jingdezhen,Porcelain,Shard,34,Peony scroll band,,1,,2200-IMG_4264.jpg2200-IMG_4265.jpg,,
2201,E16,B080,Vase,,B&W,Jingdezhen,Porcelain,Shard,13,Lotus panels scroll band,,1,Repaired,2201-IMG_4267.jpg2201-IMG_4266.jpg,,
2202,E16,B076,Bowl,,B&W,Jingdezhen,Porcelain,Shard,29,Lotus panels with auspicious symbols,,1,,2202-IMG_4268.jpg2202-IMG_4269.jpg,,✓
2203,E16,B076,Bowl,,B&W,Jingdezhen,Porcelain,Rim shard,12,Scroll band,Chrysanthemum,1,,2203-IMG_4271.jpg2203-IMG_4270.jpg,,
2204,E16,B076,Bowl,Medium,B&W,Jingdezhen,Porcelain,Base,276,Lotus panels,Ducks in lotus pond,1,,2204-IMG_4272.jpg2204-IMG_4273.jpg,,
2205,E16,B076,Vase,,B&W,Jingdezhen,Porcelain,Shard,57,Dragon,,1,Large scales filled in clay adhering to interior,2205-IMG_4274.jpg2205-IMG_4275.jpg,,✓
2206,E21,B123,Guan,Medium,B&W,Jingdezhen,Porcelain,Shard,122,Floral,,1,,2206-P8246359.jpg2206-P8246358.jpg,,
2207,D15,B002,Bowl,Medium,B&W,Jingdezhen,Porcelain,Base,398,,Ducks in lotus pond,1,Only remnants of blue,2207-P8246360.jpg2207-P8246361.jpg,,
2208,D14,B008,Guan,Medium,B&W,Jingdezhen,Porcelain,Base shard,144,Rings,,1,Round base luted,2208-P8246363.jpg2208-P8246365.jpg2208-P8246364.jpg,,
2209,E11,B039,Vase,,B&W,Jingdezhen,Porcelain,Shard,12,Lotus panels,,1,,2209-P8246366.jpg2209-P8246367.jpg,,
2210,E16,B079,Vase,,B&W,Jingdezhen,Porcelain,Shard,7,Leaves,,1,Reddish body luted,2210-P8246368.jpg2210-P8246369.jpg,,
2211,D13,B010,Bowl,,B&W,Jingdezhen,Porcelain,Shard,42,Lotus panels,Double vajra,1,,2211-P8246371.jpg2211-P8246370.jpg,,
2212,E15,B046,Ewer,,B&W,Jingdezhen,Porcelain,Shard,8,Panels,,1,Handle mount,2212-P8246373.jpg2212-P8246372.jpg,,✓
2213,E16,B078,Vase,,B&W,Jingdezhen,Porcelain,Shard,17,Chrysanthemum,,1,,2213-P8246375.jpg2213-P8246374.jpg,,
2214,E16,B081,Vase,,R&W,Jingdezhen,Porcelain,Shard,4,,,1,Faded pigment,2214-P8246377.jpg2214-P8246376.jpg,,
2215,C11,B034,Bowls,,B&W,Jingdezhen,Porcelain,Shards,7,Lotus scroll,Rings,2,,2215-P8246378.jpg2215-P8246379.jpg,,
2216,F11,B050,Bowl,,B&W,Jingdezhen,Porcelain,Shard,3,Lotus scroll,Lotus,1,,2216-P8246380.jpg2216-P8246381.jpg,,
2217,E21,B124,Bowl,,B&W,Jingdezhen,Porcelain,Shard,7,Lotus panels lotus,Rings,1,,2217-P8246382.jpg2217-P8246383.jpg,,
2218,E16,B078,Vase,,B&W,Jingdezhen,Porcelain,Shard,8,Lotus leaves,,1,,2218-P8246384.jpg2218-P8246385.jpg,,
2219,D15,B003,Bowl,,B&W,Jingdezhen,Porcelain,Shard,9,Lotus panels,Leaves,1,,2219-P8246386.jpg2219-P8246387.jpg,,
2220,E17,B097,Vase,,B&W,Jingdezhen,Porcelain,Shard,10,Peony,,1,,2220-PA268851.jpg2220-PA268852.jpg,,
2221,E17,B097,Bowl,,B&W,Jingdezhen,Porcelain,Shard,23,Lotus panels,Ducks in lotus pond,1,,2221-PA268853.jpg2221-PA268854.jpg,,
2222,E17,B097,Bowls,,B&W,Jingdezhen,Porcelain,Shards,19,Lotus,,2,,2222-PA268856.jpg2222-PA268855.jpg,,
2223,E17,B097,Vase,,B&W,Jingdezhen,Porcelain,Shard,10,Lotus panels coin band,,1,Faceted luted,2223-PA268857.jpg2223-PA268858.jpg,,
2224,E17,B096,Bowl,,R&W,Jingdezhen,Porcelain,Base,140,,Ducks in lotus pond,1,,2224-PA268860.jpg2224-PA268859.jpg,,
2225,E17,B096,Bowl,,B&W,Jingdezhen,Porcelain,Shard,15,Lotus panels,Lotus pond,1,,2225-PA268862.jpg2225-PA268861.jpg,,
2226,E17,B073,Bowl,,B&W,Jingdezhen,Porcelain,Shard,3,Lotus panels,,1,,2226-PA268863.jpg2226-PA268864.jpg,,
2227,E19,B108,Vase,,B&W,Jingdezhen,Porcelain,Shard,28,Dragon,,1,,2227-PA268865.jpg2227-PA268866.jpg,,✓
2228,F15,B067,Bowl,,B&W,Jingdezhen,Porcelain,Shard,11,Lotus panels,Lotus pond,1,,2228-PA268868.jpg2228-PA268869.jpg,,
2229,F15,B067,Vases,,B&W,Jingdezhen,Porcelain,Shards,2,,,2,,2229-PA268870.jpg2229-PA268871.jpg,,
2230,F15,B067,Flask,,B&W,Jingdezhen,Porcelain,Shard,18,Waves,,1,Reverse decorated,2230-PA268872.jpg2230-PA268873.jpg,,
2231,F15,B067,Bowl,,R&W,Jingdezhen,Porcelain,Shard,11,Lizard?,,1,Applique,2231-PA268875.jpg2231-PA268874.jpg,,✓
2232,E18,B108,Bowls,,B&W,Jingdezhen,Porcelain,Shards,62,Lotus panels,Lotus pond,2,,2232-PA268876.jpg2232-PA268877.jpg,,
2233,E18,B098,Guan,,B&W,Jingdezhen,Porcelain,Shard,24,Peony,,1,,2233-PA268879.jpg2233-PA268878.jpg,,
2234,E18,B098,Vase,,B&W,Jingdezhen,Porcelain,Shard,8,Lotus panels lotus,,1,Luted,2234-PA268881.jpg2234-PA268880.jpg,,
2235,E18,B098,Vase,,B&W,Jingdezhen,Porcelain,Shard,3,Waves?,,1,Reverse decorated,2235-PA268883.jpg2235-PA268882.jpg,,
2236,E11,B072,Vase,,B&W,Jingdezhen,Porcelain,Shard,5,Lotus?,,1,,2236-PA268885.jpg2236-PA268884.jpg,,
2237,E20,B115,Vase,,B&W,Jingdezhen,Porcelain,Shard,6,Scroll band,,1,,2237-PA268887.jpg2237-PA268886.jpg,,
2238,E16,B005,Vase,,B&W,Jingdezhen,Porcelain,Shard,9,Lotus scroll band,,1,,2238-PA268888.jpg2238-PA268889.jpg,,
2239,E20,B115,Ewer,,B&W,Jingdezhen,Porcelain,Handle shard,13,Lotus,,1,,2239-PA268890.jpg2239-PA268891.jpg,,✓
2240,E18,B099,Vase,,R&W,Jingdezhen,Porcelain,Shard,10,,,1,Luted,2240-PA268892.jpg2240-PA268893.jpg,,✓
2241,E22,B128,Bowl,,B&W,Jingdezhen,Porcelain,Base,188,,Double vajra,1,,2241-IMG_6465.jpg2241-IMG_6464.jpg,,
2242,E22,B128,Vase,,B&W,Jingdezhen,Porcelain,Shard,12,Lotus?,,1,Luted,2242-IMG_6466.jpg2242-IMG_6467.jpg,,
2243,E22,B128,Guan,,B&W,Jingdezhen,Porcelain,Shard,17,Peony,,1,,2243-IMG_6469.jpg2243-IMG_6468.jpg,,
2244,E22,B128,Bowls,,B&W,Jingdezhen,Porcelain,Shards,10,Lotus panels,Pond?,2,,2244-IMG_6470.jpg2244-IMG_6471.jpg,,
2245,E22,B127,Jar?,,B&W,Jingdezhen,Porcelain,Shard,47,Ruyi?,,1,Flat bottomed,2245-IMG_6472.jpg2245-IMG_6473.jpg,,✓
2246,E22,B127,Vase,,B&W,Jingdezhen,Porcelain,Shard,14,Lotus panels waves,,1,,2246-IMG_6475.jpg2246-IMG_6474.jpg,,
2247,E22,B127,Unidentified,,B&W,Jingdezhen,Porcelain,Base shard,6,Ring,,1,Broken footring,2247-IMG_6476.jpg2247-IMG_6477.jpg,,
2248,E11,B044,Bowl,,B&W,Jingdezhen,Porcelain,Base,100,,Lotus pond?,1,,2248-IMG_6481.jpg2248-IMG_6480.jpg,,
2249,E11,B044,Bowl,,B&W,Jingdezhen,Porcelain,Base shard,114,,Double vajra,1,,2249-IMG_6483.jpg2249-IMG_6482.jpg,,
2250,E11,B044,Bowl?,Small,B&W,Jingdezhen,Porcelain,Base shard,3,,,1,Remnants of blue,2250-IMG_6484.jpg2250-IMG_6485.jpg,,
9901,E21,B124,Jarlet,,B&W,Jingdezhen,Porcelain,Shard,13,Floral,,1,Ribbed luted,9901-IMG_6486.jpg9901-IMG_6487.jpg,,✓
9902,E21,B124,Vase,,B&W,Jingdezhen,Porcelain,Shard,11,Lotus,,1,,9902-IMG_6488.jpg9902-IMG_6489.jpg,,
9903,E21,B124,Bowl,,B&W,Jingdezhen,Porcelain,Shard,28,Lotus panels,Rings,1,,9903-IMG_6490.jpg9903-IMG_6491.jpg,,
9904,E21,B125,Bowl,,B&W,Jingdezhen,Porcelain,Shard,10,Lotus panels lotus,Floral,1,,9904-IMG_6492.jpg9904-IMG_6493.jpg,,
9905,E21,B121,Cup,Small,B&W,Jingdezhen,Porcelain,Base,16,,Chrysanthemum,1,,9905-IMG_6494.jpg9905-IMG_6495.jpg,,✓
9906,E21,B121,Bowl,,B&W,Jingdezhen,Porcelain,Shard,18,Lotus panels lotus,Lotus,1,,9906-IMG_6496.jpg9906-IMG_6497.jpg,,
9907,E21,B121,Bowl,,B&W,Jingdezhen,Porcelain,Shard,24,Lotus panels,Berries,1,,9907-IMG_6498.jpg9907-IMG_6499.jpg,,
9908,E21,B121,Dish,Small,B&W,Jingdezhen,Porcelain,Shard,12,Lotus,Lotus,1,,9908-IMG_6500.jpg9908-IMG_6501.jpg,,
9909,E21,B126,Unidentified,,B&W,Jingdezhen,Porcelain,Shard,22,,Lotus,1,,9909-IMG_6502.jpg9909-IMG_6503.jpg,,
9910,E21,B126,Vases,,B&W,Jingdezhen,Porcelain,Shards,19,Lotus panels scroll,,2,,9910-IMG_6504.jpg9910-IMG_6505.jpg,,
9911,E21,B120,Bowls,,B&W,Jingdezhen,Porcelain,Shards,32,Lotus panels,,2,,9911-IMG_6506.jpg9911-IMG_6507.jpg,,
9912,E21,B120,Vases,,B&W,Jingdezhen,Porcelain,Shards,37,Lotus panels scroll,,2,Faceted luted,9912-IMG_6508.jpg9912-IMG_6509.jpg,,
9913,E21,B120,Vases,,B&W,Jingdezhen,Porcelain,Shards,12,Lotusscroll,,2,Luted,9913-IMG_6510.jpg9913-IMG_6511.jpg,,
9914,E21,B120,Vase,,R&W,Jingdezhen,Porcelain,Shard,15,Rings,,1,,9914-IMG_6512.jpg9914-IMG_6513.jpg,,✓
9915,E21,B125,Vases,,R&W,Jingdezhen,Porcelain,Shard,39,Rings,,2,,9915-IMG_6514.jpg9915-IMG_6515.jpg,,
9916,E21,B125,Ewer,,B&W,Jingdezhen,Porcelain,Handle shard,24,Scroll,,1,,9916-IMG_6516.jpg9916-IMG_6517.jpg,,
9917,E21,B125,Bowl,,B&W,Jingdezhen,Porcelain,Shard,13,Lotus panels,Rings,1,,9917-IMG_6518.jpg9917-IMG_6519.jpg,,
9918,E21,B122,Vases,,R&W,Jingdezhen,Porcelain,Shard,4,,,1,,9918-IMG_6520.jpg9918-IMG_6521.jpg,,
9919,E21,B122,Bowl,Small,B&W,Jingdezhen,Porcelain,Rim shard,2,Lotus,Lotus,1,Fine,9919-IMG_6522.jpg9919-IMG_6523.jpg,,
9920,E20,B111,Vase,,R&W,Jingdezhen,Porcelain,Shard,4,Lotus pond,,1,,9920-IMG_6524.jpg9920-IMG_6525.jpg,,
9921,E22,B131,Guan,Large,B&W,Jingdezhen,Porcelain,Shard,243,Peony,,1,Luted,9921-P2052358.jpg9921-P2052357.jpg,,
9922,F19,B137,Bowl,Medium,B&W,Jingdezhen,Porcelain,Base,133,,Ducks in lotus pond,1,,9922-P2052359.jpg9922-P2052360.jpg,,
9923,E21,B121,Bowl,Medium,B&W,Jingdezhen,Porcelain,Base,85,,Lotus bouquet,1,,9923-P2052361.jpg9923-P2052362.jpg,,
9924,E21,B121,Bowl,,B&W,Jingdezhen,Porcelain,Shard,2,,,1,,9924-P2052363.jpg9924-P2052364.jpg,,
9925,E22,B129,Bowl,,B&W,Jingdezhen,Porcelain,Shard,37,Lotus panels,Lotus,1,,9925-IMG_6984.jpg9925-IMG_6983.jpg,,
9926,F19,B136,Bowl,Small,B&W,Jingdezhen,Porcelain,Shard,16,Applique lizard?,Lotus?,1,,9926-P2052367.jpg9926-P2052368.jpg,,✓
9927,F19,B136,Bowl,Small,B&W,Jingdezhen,Porcelain,Shard,7,Lotus panels,Lotus?,1,,9927-P2052369.jpg9927-P2052370.jpg,,
9928,F19,B136,Vase,,R&W,Jingdezhen,Porcelain,Shard,8,Floral?,,1,Luted,9928-P2052372.jpg9928-P2052371.jpg,,
9929,F18,B135,Bottle,,B&W,Jingdezhen,Porcelain,Shoulder shard,14,Diaper band,,1,Tapered neck,9929-P2052374.jpg9929-P2052373.jpg,,✓
9930,F18,B135,Vase,,B&W,Jingdezhen,Porcelain,Shard,5,Water plants?,,1,,9930-P2052376.jpg9930-P2052375.jpg,,
9931,E22,B130,Vase,,B&W,Jingdezhen,Porcelain,Neck shard,5,Lotus,,1,Faceted,9931-P2052378.jpg9931-P2052377.jpg,,
9932,E22,B130,Bowl,Small,B&W,Jingdezhen,Porcelain,Shard,5,,,1,,9932-P2052379.jpg9932-P2052380.jpg,,
9933,E21,B121,Bowls,Small,B&W,Jingdezhen,Porcelain,Shards,5,,Lotus bouquet,2,,9933-P2052382.jpg9933-P2052381.jpg,,
9934,F19,B134,Vase,,R&W,Jingdezhen,Porcelain,Shard,4,,,1,,9934-P2052384.jpg9934-P2052383.jpg,,
9935,E22,B129,Vase,,B&W,Jingdezhen,Porcelain,Shard,14,Lotus pond,,1,,9935-P2052386.jpg9935-P2052385.jpg,,
9936,F19,B134,Vase,,B&W,Jingdezhen,Porcelain,Shard,5,Lotus panels fretwork band,,1,,9936-P2052388.jpg9936-P2052387.jpg,,
9937,F19,B134,Vase,,B&W,Jingdezhen,Porcelain,Shard,3,Lotus?,,1,,9937-P2052389.jpg9937-P2052390.jpg,,
9938,C15,B004,Vase,,B&W,Jingdezhen,Porcelain,Shard,23,Lotus lotus panels,,1,Luted,9938-P2052391.jpg9938-P2052392.jpg,,
9939,C14,B005,Vase,,B&W,Jingdezhen,Porcelain,Shard,5,Waves,,1,Reverse decoration,9939-P2052394.jpg9939-P2052393.jpg,,
9940,D15,B007,Vase,,B&W,Jingdezhen,Porcelain,Shard,8,Waves horse?,,1,Reverse decoration,9940-P2052395.jpg9940-P2052396.jpg,,✓
9941,D15,B007,Vase,,B&W,Jingdezhen,Porcelain,Shard,6,Lotus panels,,1,,9941-P2052398.jpg9941-P2052397.jpg,,
9942,E16,B077,Bowl,,B&W,Jingdezhen,Porcelain,Shard,11,,,1,,9942-P2052400.jpg9942-P2052399.jpg,,
9943,D14,B006,Bowl,,B&W,Jingdezhen,Porcelain,Shard,2,,,1,,9943-P2052402.jpg9943-P2052401.jpg,,
9944,E22,B129,Guan,Medium,B&W,Jingdezhen,Porcelain,Shard,57,Peony,,1,,9944-IMG_6985.jpg9944-IMG_6986.jpg,,
9945,F19,B139,Bowl,Medium,B&W,Jingdezhen,Porcelain,Shard,45,Lotus panels,Ducks in lotus pond,1,,9945-IMG_6987.jpg9945-IMG_6988.jpg,,
9946,F19,B139,Vase,,R&W,Jingdezhen,Porcelain,Shard,12,,,1,Luted,9946-IMG_6989.jpg9946-IMG_6990.jpg,,
